Unnamed: 0,adverse weather,capsized,coastal isolation,collision,discharge of contaminated water,disruption,drifting,drunken driving,engine damage,engine failure,exceeding capacity,explosion,fire,flooding,inspection,maritime safety threat,mechanical defects,minor contact,missing,nuclear,nuclear power plants,oil spill,overloading,overturning,prevention,radiation,rescue,safety measures,search and rescue operations,seizure,steering system damage,stranded,violating crew standards,war,injured,deaths,Overall Severity,Severity Level
Article 1,0,0,0,0,0,0,0,0,0,0,0,0,0,0,0,0.002748063,0,0,0,0.006051859,0.005977914,0,0,0,0,0,0,0.004865643,0,0,0,0,0,0,,,0.036189621,low
Article 2,0.00838922,0,0,0,0,0,0.023824961,0.0162326,0,0,0,0,0,0.025879272,0,0.048848227,0,0,0,0,0,0.127069287,0,0,0,0,0,0.0108877,0,0,0,0,0,0,,,0.854495767,high
Article 3,0,0,0,0,0,0,0,0,0,0,0,0,0,0,0,0.001248296,0,0,0,0,0.015035232,0,0,0,0,0,0,0.001235092,0,0,0,0,0,0,,,0.030025378,low
Article 4,0,0,0,0.013625362,0,0,0,0,0,0,0,0,0,0,0,0.006733743,0,0,0,0,0,0,0,0,0.004449683,0,0.003512609,0.004782719,0.004233462,0,0,0,0,0,,,0.058696739,low
Article 5,0,0,0,0.065781131,0,0,0,0,0,0,0,0,0,0,0,0,0,0,0,0,0,0,0,0,0,0,0,0,0.011707242,0,0,0,0,0,2.8,,2.877488373,high
Article 6,0,0,0,0,0.149611605,0,0,0,0,0,0.015535867,0,0,0,0,0.004323731,0,0,0.010368813,0.190436722,0.261835712,0,0,0,0.00663351,0,0,0.004277997,0,0,0,0,0.022161253,0,,,0.797255599,medium
Article 7,0,0,0,0.015288315,0,0,0,0,0.042680185,0.034329212,0,0,0,0,0,0,0,0,0,0,0.017420714,0,0,0,0,0,0,0,0,0,0,0,0,0,,,0.124848667,low
Article 8,0,0.068260328,0,0.038920545,0,0,0,0,0,0,0,0,0,0,0,0,0,0,0.039735222,0,0,0,0,0,0,0,0,0,0,0,0,0,0.014818989,0,,,0.161735083,medium
Article 9,0,0,0,0,0,0,0,0,0,0,0,0,0,0,0,0.007067459,0,0,0,0,0,0,0,0,0,0,0,0.011237018,0,0,0,0,0,0,,,0.043003735,low
Article 10,0,0,0,0,0,0,0,0.025672799,0,0,0,0,0,0,0.016667952,0.034504385,0,0,0,0,0,0,0,0,0,0,0,0.030814348,0.01091334,0,0,0,0,0,,,0.347681265,medium
Article 11,0,0,0,0,0,0,0,0,0,0,0,0,0,0,0.030400108,0.011903199,0,0.024302,0,0,0,0,0,0,0,0,0,0.024174855,0,0,0,0,0,0,,,0.24124017,medium
Article 12,0,0,0.008470595,0,0,0,0,0,0.045955824,0,0,0,0,0.037560487,0.015295943,0.019963816,0,0,0,0,0.016030416,0,0,0,0,0,0,0.107083055,0,0,0.038576838,0,0,0,,,0.405982307,medium
Article 13,0,0,0.006332214,0,0.085625502,0,0,0,0,0,0,0,0,0,0,0.064617053,0,0,0,0.131464123,0.069939951,0,0,0,0,0,0,0.008859684,0,0,0,0,0,0,,,0.441377977,medium
Article 14,0,0,0,0,0,0,0,0,0,0,0,0,0,0,0,0.00322809,0,0,0,0,0,0,0,0,0,0,0,0.013280424,0.017289085,0,0,0,0,0,,1,1.088652702,high
Article 15,0,0,0,0,0.006283442,0,0,0,0,0,0,0,0,0,0.049160552,0.027963713,0,0.047159031,0,0,0,0,0.034564749,0,0,0,0,0.020716172,0,0,0,0,0.018138194,0,,,0.303903401,medium
Article 16,0.015330042,0,0,0,0,0,0,0,0,0,0,0,0,0,0,0.005027084,0,0,0,0,0,0.075200766,0,0,0,0,0,0.036389127,0,0,0,0,0,0,,,0.677137767,medium
Article 17,0,0,0,0,0.008239687,0,0,0,0,0,0,0,0,0,0,0.006613986,0,0,0,0,0.013220881,0,0,0,0,0,0,0.005258006,0.004220903,0,0,0,0,0.024838793,,,0.081618907,low
Article 18,0,0,0,0.044589406,0,0,0,0,0,0,0,0,0,0,0,0,0,0,0.045522742,0,0,0,0,0,0,0,0,0,0,0,0,0,0,0,,,0.121305692,low
Article 19,0,0,0,0.063728427,0,0,0,0,0,0,0,0,0,0,0,0,0,0.027695415,0,0,0,0,0,0,0,0,0,0,0,0,0,0,0,0,,6,6.091423842,high
Article 20,0,0,0,0,0.005909492,0,0,0,0,0,0,0,0,0.022706713,0,0.009655096,0,0,0.017365538,0,0,0,0,0,0,0,0.052620452,0.009552969,0.089684067,0,0,0,0,0,,1,1.433964125,high
Article 21,0,0,0,0.084340586,0,0,0,0,0,0,0,0,0,0,0,0.005984277,0,0,0.043052993,0,0,0.031148853,0,0,0,0,0,0.005920978,0.030020636,0,0,0,0,0,,,0.248192099,medium
Article 22,0,0,0,0,0.030843583,0,0,0,0,0,0,0,0,0,0,0.0034555,0,0,0,0.060878357,0.046261142,0,0,0,0,0,0,0.003418949,0,0,0,0,0,0,,,0.203577016,medium
Article 23,0,0,0,0,0.0030263,0,0,0,0,0,0,0,0,0,0,0,0,0,0,0,0,0,0,0,0,0,0,0,0,0,0,0,0,0,,,0.037103564,low
Article 24,0,0,0,0,0.002011829,0,0,0,0.013929951,0.008668528,0,0,0,0,0,0.004108729,0,0,0,0.007238682,0.010449438,0,0,0,0.003782191,0,0,0.004065269,0.002200563,0,0.002646484,0,0,0,,,0.089536719,low
Article 25,0,0,0,0,0,0,0,0,0.008083059,0,0,0,0,0,0,0.002106833,0,0,0,0,0,0,0,0,0,0,0,0.002084547,0,0,0.006785187,0,0,0.062196124,,,0.087671215,low
Article 26,0,0,0,0,0,0,0,0,0,0,0,0,0,0,0,0.001523866,0,0,0.010963224,0.01342359,0.019377693,0,0,0,0,0,0.00553673,0.001507747,0.006931448,0,0,0,0,0,,,0.111835414,low
Article 27,0,0,0,0,0,0,0,0,0,0,0,0,0,0,0,0,0,0,0,0,0,0,0,0,0,0,0,0,0,0,0,0,0,0,,5,5,high
Article 28,0,0,0,0.055005519,0,0,0,0,0,0,0,0,0,0,0,0,0,0,0,0,0,0,0,0,0,0,0,0,0,0,0,0,0,0,,,0.055005519,low
Article 29,0,0,0,0,0.036069727,0,0,0,0,0,0,0,0,0,0,0.01099731,0,0,0,0.096874277,0.084652438,0,0,0,0,0.025450699,0,0.010880985,0,0,0.025188654,0,0.012053483,0,,,0.39013542,medium
Article 30,0,0,0,0,0,0,0,0,0,0,0,0,0,0,0,0.009217216,0,0,0.066311886,0,0,0,0,0,0,0,0.02232622,0.00911972,0.059297359,0,0,0,0,0,,1,1.368488433,high
Article 31,0,0,0,0,0,0,0,0,0,0,0,0,0,0,0.028694713,0.029700513,0,0,0,0,0,0,0,0,0,0,0,0.01482214,0,0,0,0,0.032838646,0,,,0.198552436,medium
Article 32,0,0,0,0.03432319,0,0,0,0,0,0,0,0,0,0,0,0,0,0,0.035041636,0,0,0,0,0,0,0,0.017696992,0,0.034372091,0,0,0,0.026137094,0,,2,2.229562464,high
Article 33,0,0,0,0,0,0,0,0,0,0,0,0,0,0,0,0.004435815,0,0,0,0,0,0,0,0,0,0,0,0.004388895,0,0,0,0,0,0.065475187,,,0.180613246,medium
Article 34,0,0,0,0,0.185138348,0,0,0,0,0,0,0,0,0,0,0.017196842,0,0,0,0.208661706,0.28881976,0,0,0,0,0,0,0.005514594,0,0,0,0,0,0,,,0.834877689,medium
Article 35,0,0,0.04462067,0,0.020597251,0,0,0,0.016138808,0,0,0,0,0.039571579,0,0.029299427,0,0,0,0,0,0,0,0,0,0,0,0.020810258,0,0,0.013547449,0,0,0,,,0.348536544,medium
Article 36,0,0,0,0.01770665,0.006151698,0,0,0,0,0,0,0,0,0,0,0,0,0,0,0,0,0,0,0,0,0,0,0,0,0,0,0,0,0,,,0.023858348,low
Article 37,0.013737716,0,0,0.063491013,0,0,0,0,0,0,0,0,0,0,0,0,0,0,0.097229991,0,0,0,0,0,0,0,0.016367942,0,0.008427283,0,0,0,0.024174189,0,,,0.254845408,medium
Article 38,0,0,0,0,0,0,0,0,0,0,0,0,0,0,0,0.003011654,0,0,0,0,0,0,0,0,0,0,0,0.002979798,0,0,0,0,0,0,,,0.135025163,low
Article 39,0,0,0,0,0,0,0,0,0,0,0,0,0,0,0,0.005823842,0,0,0,0,0.015587969,0,0,0,0,0,0,0.00576224,0,0,0,0,0.015625867,0,,,0.116415028,low
Article 40,0,0,0,0,0,0,0,0,0,0,0,0,0,0,0,0,0,0,0,0,0,0,0,0,0,0,0,0,0,0,0,0,0,0,,2,2,high
Article 41,0,0,0,0,0,0,0,0,0,0,0,0,0,0,0,0,0,0,0,0,0,0,0,0,0,0,0,0,0,0,0,0,0,0,,2,2,high
Article 42,0,0,0,0.087608938,0,0,0,0,0,0,0,0,0,0,0,0,0,0,0.044721375,0,0,0,0,0,0,0,0,0,0,0,0,0,0.016678542,0,,3,3.149008856,high
Article 43,0,0,0,0,0,0,0,0,0,0,0.101691473,0,0,0,0.01376516,0.049679206,0,0,0,0,0,0,0,0,0,0,0,0.014220678,0,0,0,0,0.192794608,0,,,0.511653926,medium
Article 44,0,0,0,0,0,0,0,0,0,0,0,0,0,0,0,0.004030527,0,0,0,0,0,0,0,0,0,0,0,0.003987894,0,0,0,0,0,0,,,0.02029168,low
Article 45,0,0,0,0.018930211,0.006576792,0,0,0,0,0,0,0.232647481,0,0,0.010291134,0,0,0.014431227,0.038652908,0,0,0,0,0,0,0,0.009760392,0,0.005025286,0,0,0,0.007207673,0,,,0.467861081,medium
Article 46,0,0,0,0,0,0,0,0,0,0,0.024881371,0,0,0,0.056549522,0.062093586,0,0,0,0,0,0.038417277,0,0,0,0,0,0.025559128,0,0,0,0,0,0,,,0.919134893,high
Article 47,0,0,0,0,0.168302123,0,0,0,0.005213144,0,0,0,0,0,0.005205431,0.020287347,0,0,0,0.095756,0.110716869,0,0,0,0,0.03773536,0,0.027525705,0,0,0.004376086,0,0,0,,,0.596707141,medium
Article 48,0,0,0,0.091643707,0,0,0,0,0,0,0,0,0,0,0,0.002600984,0,0,0.018712395,0,0,0,0,0,0,0,0.009450275,0.002573472,0.004865617,0,0.023829571,0,0.006978664,0,,15,15.24550864,high
Article 49,0,0,0,0.132675632,0,0,0,0,0,0,0,0,0,0,0,0,0,0,0,0,0,0.032666707,0,0,0,0,0,0,0,0,0,0,0,0,,,0.165342338,medium
Article 50,0,0,0,0.12960937,0,0,0,0,0,0,0,0,0,0,0,0.009036237,0,0,0.033080582,0,0,0,0,0,0,0,0.050119817,0,0.038118344,0,0,0,0,0,,,0.278053473,medium
Article 51,0,0,0,0,0,0,0,0,0,0,0,0,0,0,0,0.088786011,0,0,0,0,0,0,0,0,0.019209046,0,0,0.035099469,0,0,0,0,0,0,,,0.397231642,medium
Article 52,0,0,0,0,0,0,0,0,0.005189767,0,0,0,0,0,0,0.002705404,0,0,0,0,0,0,0,0,0.006225984,0,0,0.002676787,0,0,0.004356462,0,0,0,,,0.053432278,low
Article 53,0,0,0,0,0.006238009,0,0,0,0,0,0,0,0,0,0,0.007555201,0,0,0,0,0,0.039787265,0,0,0.035181931,0,0,0.002521008,0,0,0,0,0,0,,,0.669733625,medium
Article 54,0,0,0,0,0,0,0,0,0,0,0,0,0,0,0,0,0,0,0,0,0,0,0,0,0,0,0,0,0,0,0,0,0,0,,2,2,high
Article 55,0,0,0,0.044588151,0,0,0,0,0,0,0,0,0,0,0,0,0,0,0.091042922,0,0,0,0,0,0,0,0.022989593,0,0.01183654,0,0,0,0.033953857,0,,4,4.204411063,high
Article 56,0,0,0,0,0,0,0,0,0,0,0,0,0,0.01770041,0,0.003763186,0,0,0,0,0.007554346,0,0,0,0,0,0,0.009602598,0,0,0,0,0,0,,1,1.115690748,high
Article 57,0.009221719,0,0.035070062,0,0,0,0,0,0,0,0,0,0,0,0,0.020957652,0,0,0,0,0,0,0,0,0.013918442,0,0,0.008976101,0.015170255,0,0,0,0,0,,,0.232908631,medium
Article 58,0.020678985,0,0.007193039,0,0,0,0,0,0,0,0,0,0,0,0.025977942,0.030515082,0,0.036428791,0,0,0,0,0,0,0.01560551,0,0.049276375,0.030192307,0.025370689,0,0,0,0,0,,,0.495929331,medium
Article 59,0,0,0.009603341,0,0.07287332,0,0,0,0,0,0,0,0,0,0,0.004526703,0,0,0,0.026583534,0.026258724,0,0,0,0,0,0,0.004478821,0,0,0,0,0,0,,,0.195045677,medium
Article 60,0,0,0.002837798,0,0,0,0,0.015785735,0.008771653,0.007055357,0,0,0,0,0,0.006688229,0,0,0,0,0.021481883,0,0,0,0,0,0.004860129,0.006617484,0.002502311,0,0,0,0,0,,,0.147534917,medium
Article 61,0,0,0,0,0,0,0,0,0,0,0,0,0,0,0.032254271,0.061254377,0,0,0,0,0,0,0,0,0,0,0,0.042090776,0,0,0,0,0,0,,,0.337629428,medium
Article 62,0,0.023074887,0,0,0.009141948,0,0,0,0,0,0,0,0,0,0.007152501,0.01293937,0,0,0,0,0,0,0.125722959,0,0,0,0,0.005541894,0.004999787,0,0,0,0.008185426,0,,,0.350026491,medium
Article 63,0,0,0,0,0.134299105,0,0,0,0,0,0,0,0,0,0,0.021723301,0,0,0,0.127572357,0.182903863,0,0,0,0.011109365,0,0,0.074286389,0,0,0,0,0,0,,,0.70141763,medium
Article 64,0,0,0,0,0.019910735,0,0,0,0,0,0,0,0,0,0.008545473,0.011075667,0,0,0,0.039299353,0.038819176,0,0,0,0,0,0,0.020561019,0,0,0,0,0,0,,,0.313918404,medium
Article 65,0.010929683,0,0.007603626,0,0,0,0,0,0,0,0,0,0,0,0,0.017671037,0,0,0,0,0.028158766,0,0,0,0,0,0,0.003546191,0,0,0,0,0,0,,,0.232000408,medium
Article 66,0,0,0,0,0,0,0,0,0,0,0,0,0,0,0,0,0,0,0,0,0,0,0,0,0,0,0,0,0,0,0,0,0,0,,5,5,high
Article 67,0,0,0,0.037544236,0,0,0,0,0.020440622,0,0,0,0,0,0,0.005235094,0,0,0,0,0,0,0,0,0,0,0,0,0,0,0.017158534,0,0,0,3.5,,3.603990787,high
Article 68,0,0,0.0043315,0,0.158278233,0,0,0,0.007833282,0,0,0,0,0,0,0.002041728,0,0,0,0.125897771,0.099767686,0,0,0,0,0.037800821,0,0.002020132,0,0,0.006575515,0,0.008951258,0,,,0.490009699,medium
Article 69,0,0,0,0,0,0,0,0,0,0,0,0,0,0,0,0.001821891,0,0,0,0,0,0,0,0,0,0,0,0.00180262,0,0,0,0,0,0,,,0.009172306,low
Article 70,0,0,0,0,0,0,0,0,0,0,0,0,0,0,0.016139619,0.01670534,0,0,0,0,0,0,0,0,0.019390834,0,0,0.021500753,0,0,0,0,0,0,,,0.215561217,medium
Article 71,0,0,0,0,0,0,0,0,0,0,0,0,0,0,0.009927861,0.002591511,0,0,0,0,0,0,0,0,0,0,0,0.002564099,0,0,0,0,0.054008919,0,,,0.146409831,medium
Article 72,0,0,0,0,0,0,0,0,0,0,0,0,0,0,0,0.002077755,0,0,0,0.009313441,0.013444466,0.016509721,0,0,0,0,0,0,0,0,0,0,0,0,,,0.072837135,low
Article 73,0,0,0,0.080870604,0,0,0,0,0,0,0,0,0,0,0,0,0,0,0.041281685,0,0,0,0,0,0,0,0,0,0,0,0,0,0.015395732,0,,,0.137548021,low
Article 74,0.041480766,0,0.003607198,0,0,0,0,0,0.011149873,0.008968245,0.01146404,0,0,0,0.006513768,0.040452524,0,0,0,0,0,0,0,0,0.03130369,0,0.030889176,0.025500768,0.015903761,0,0.01557787,0,0.004562093,0,,,0.6292185,medium
Article 75,0,0,0,0.111578556,0,0,0,0,0,0,0,0,0,0,0,0,0,0,0,0,0,0,0,0,0,0,0.019176586,0,0.009873356,0,0,0,0,0,27.3,,27.4774368,high
Article 76,0,0.015610756,0,0,0,0,0,0,0,0.009660425,0.022131863,0,0,0,0,0.003789316,0,0,0.009087223,0,0,0,0.017010965,0,0,0,0.004589298,0.003749234,0.00236287,0,0.011572257,0,0.02033412,0,,304,304.2696261,high
Article 77,0,0,0,0.053224414,0.018491389,0,0,0,0,0,0,0,0,0,0,0,0,0,0,0,0,0,0,0,0,0,0,0,0,0,0,0,0.040530368,0,,,0.112246171,low
Article 78,0,0,0,0,0,0,0,0,0,0,0,0,0,0,0,0.003812258,0,0.020479769,0,0,0,0,0,0,0,0,0,0.003771934,0,0,0,0,0,0,,,0.119432499,low
Article 79,0,0,0,0,0,0,0,0,0.022686536,0,0,0,0,0.027813145,0,0.002956599,0,0,0,0,0,0,0,0,0,0,0,0.002925325,0,0,0.019043828,0,0,0,,,0.125667069,low
Article 80,0,0,0,0,0,0,0,0,0,0,0,0,0,0,0,0,0,0,0,0,0,0,0,0,0,0,0,0,0,0,0,0,0,0,,2,2,high
Article 81,0,0,0.015033134,0.020245022,0,0,0,0,0,0,0,0,0,0,0,0.051112621,0,0,0,0,0,0,0,0,0.026445956,0,0.03131492,0.035008603,0.023816386,0,0,0,0,0,,,0.500283373,medium
Article 82,0.024537315,0,0,0,0,0,0,0,0.030870639,0,0,0,0,0.025231105,0,0.005364245,0,0,0,0,0,0,0,0,0.012344814,0,0,0.030449153,0,0,0.025913834,0,0,0,,,0.241477619,medium
Article 83,0,0,0,0,0,0,0,0,0,0,0,0,0,0,0,0,0,0,0,0,0,0,0,0,0,0,0,0,0,0,0,0,0,0,,2,2,high
Article 84,0,0,0,0,0,0,0,0,0,0,0,0,0,0,0,0.013012825,0,0,0,0,0,0,0,0,0,0,0,0.00326136,0.008267898,0,0,0,0.004422028,0,,,0.104428144,low
Article 85,0,0,0,0.121100546,0,0,0,0,0,0,0,0,0,0,0,0,0,0,0.082423599,0,0,0,0,0,0,0,0.020813095,0,0.010715937,0,0,0,0,0,,2,2.32343276,high
Article 86,0,0,0,0,0.053234083,0,0,0,0,0,0,0,0,0,0,0.002954831,0,0,0,0.052057664,0.039558344,0,0,0,0,0,0,0.002923576,0,0,0,0,0,0,,,0.221547046,medium
Article 87,0,0,0,0,0,0,0,0,0,0,0,0,0,0,0,0,0,0,0,0,0,0,0,0,0,0,0,0,0,0,0,0,0,0,,2,2,high
Article 88,0,0,0,0.053120618,0.009227664,0,0,0,0,0,0,0,0,0,0,0,0,0,0.027116264,0,0,0,0,0,0,0,0,0,0,0,0,0,0,0,,,0.089464546,low
Article 89,0.007503713,0,0,0,0,0,0,0.014519201,0,0,0,0,0,0,0,0.002460645,0,0,0,0,0,0,0,0,0,0,0,0.002434618,0,0,0,0,0,0,,,0.051571537,low
Article 90,0.043649487,0,0.045549498,0,0,0,0,0,0.041186888,0,0,0,0,0,0,0.010735276,0,0,0,0,0,0,0,0,0,0,0,0.010621723,0,0,0.034573635,0,0,0,,,0.296884727,medium
Article 91,0,0,0.003011558,0,0.089709613,0,0,0,0,0,0,0,0,0,0.092449057,0.007097753,0,0,0,0.025009377,0.030403109,0,0,0,0,0,0,0.007022676,0,0,0,0,0,0,,,0.301366423,medium
Article 92,0,0,0,0,0,0,0,0,0,0,0,0.106453116,0,0,0.018835765,0.012291944,0,0,0,0,0,0,0,0,0,0,0,0.012161925,0.018499074,0,0,0,0,0,,1,1.32729364,high
Article 93,0,0,0,0.037846968,0,0,0,0,0,0,0,0,0,0,0,0.002685383,0,0,0.019319586,0,0,0,0,0,0,0,0,0.002656978,0,0,0,0,0.007205112,0,,295,295.2683768,high
Article 94,0,0,0,0.073888653,0,0,0,0,0,0,0,0,0,0,0,0,0,0,0.113152913,0,0,0,0,0,0,0,0,0,0.01403942,0,0,0,0,0,,2,2.226926241,high
Article 95,0,0,0,0,0.006304117,0,0,0,0,0,0,0,0,0,0,0.010299846,0,0,0,0,0.01033813,0,0,0,0,0,0,0.010190899,0,0,0,0,0,0,,,0.122370048,low
Article 96,0,0,0,0,0,0,0,0,0,0,0,0,0,0,0,0.011086455,0,0,0,0,0,0,0,0,0,0,0,0.010969188,0,0,0,0,0,0,,,0.124173549,low
Article 97,0,0,0,0,0.018865465,0,0,0,0.006782637,0,0,0,0,0,0.027090405,0.010545753,0,0.009497199,0,0,0,0,0,0,0,0,0,0.018044544,0,0,0.005693569,0,0.007750663,0,,,0.322882846,medium
Article 98,0.018466987,0,0.019270833,0,0,0,0,0,0,0,0,0,0,0.056967417,0,0.024223052,0,0,0,0,0,0,0,0,0.013936214,0,0.01100134,0.033427738,0.005664207,0,0,0,0,0,,,0.396637123,medium
Article 99,0.015750554,0,0.048941689,0,0,0,0,0,0,0,0,0,0,0,0,0.01549494,0,0,0,0,0,0,0,0,0,0,0,0.015331042,0,0,0,0,0,0,,,0.363170232,medium
Article 100,0,0,0,0,0.06150286,0,0.048346726,0,0.036607459,0.050792637,0,0,0,0,0.085544473,0.025024136,0,0,0,0,0,0,0,0,0,0,0,0.019332101,0,0,0,0,0,0,,,0.494959094,medium
Article 101,0,0,0,0,0,0,0,0,0,0,0,0,0,0,0,0.040163822,0,0,0,0,0,0,0,0,0,0,0,0.005762956,0,0,0,0,0,0,,,0.173025254,medium
Article 102,0,0,0.003896545,0,0.175173063,0,0,0,0.007046688,0,0,0,0,0,0,0.009183523,0,0,0,0.113255518,0.104497586,0,0,0,0,0.008501246,0,0.014825344,0,0,0.005915223,0,0.016104802,0,,,0.508459223,medium
Article 103,0.008870971,0,0.018514229,0,0.007121927,0,0,0,0,0,0,0,0,0,0,0.017352769,0,0,0,0,0,0,0,0,0.013389056,0,0.052847047,0.011512927,0.027209104,0,0,0,0,0,,,0.263152878,medium
Article 104,0.019871022,0,0,0,0.069277931,0,0,0,0,0,0,0,0,0,0,0.008978158,0,0,0,0.119672875,0.090938786,0,0,0,0,0.010480107,0,0.00448058,0,0,0,0,0,0,,,0.370242395,medium
Article 105,0,0,0,0,0.122176536,0,0,0,0.016289975,0,0,0,0,0,0.016265873,0.029647749,0,0,0,0.056103239,0.097299809,0,0,0,0,0.058957515,0,0.038473089,0,0,0.013674343,0,0,0,,,0.659296833,medium
Article 106,0,0,0,0,0.053693535,0,0,0,0,0,0,0,0,0,0,0.01128383,0,0,0,0.060056959,0.086302013,0,0,0,0,0.031556191,0,0.020947457,0,0,0,0,0,0,,,0.347645602,medium
Article 107,0,0.016621004,0,0.018953865,0.029632544,0,0,0,0,0,0,0,0,0,0,0.002642889,0,0,0.038701208,0,0,0.021000251,0,0,0,0,0.004886294,0,0.006117165,0,0,0,0,0,,304,304.1438459,high
Article 108,0,0,0,0,0,0,0,0,0,0,0,0,0,0,0,0,0,0,0.045408758,0,0,0,0,0,0,0,0,0,0.058622551,0,0,0,0.008467448,0,,259,259.1987554,high
Article 109,0.004492687,0.127456336,0,0.020763661,0,0,0,0,0,0,0,0,0,0,0,0.002895244,0,0,0.042396563,0,0,0,0,0,0,0,0,0,0,0,0,0,0.007905759,0,,6,6.22623177,high
Article 110,0,0,0,0,0,0,0,0,0,0,0,0,0,0,0,0.005746888,0,0,0,0,0,0,0,0,0,0,0,0.0056861,0,0,0,0,0,0,,,0.109090151,low
Article 111,0,0,0,0,0,0,0,0,0,0,0,0,0,0,0,0.003430155,0,0,0,0,0,0,0,0,0,0,0,0.003393872,0,0,0,0,0,0,,,0.160800238,medium
Article 112,0,0,0,0,0,0,0,0,0,0.032668873,0.057599082,0,0,0,0.032727301,0.021357356,0.032030792,0,0,0,0,0.0222335,0,0,0,0,0,0.021131448,0,0,0,0,0,0,,,0.462117691,medium
Article 113,0,0,0,0.048173872,0,0,0,0,0,0,0,0,0,0,0,0,0,0,0.049182238,0,0,0,0,0,0,0,0,0,0,0,0,0,0,0,,31,31.09735611,high
Article 114,0,0,0,0,0.01481644,0,0,0,0,0,0,0,0,0,0.023184249,0.036100657,0,0,0,0,0,0,0,0,0,0,0,0.033406305,0,0,0,0,0,0,,,0.231663243,medium
Article 115,0.009039204,0,0.018865341,0,0,0,0,0,0,0,0,0,0,0,0,0.005928339,0,0,0,0,0,0,0,0,0,0,0.043079409,0.005865632,0.022180087,0,0,0.138835257,0,0,,,0.29121425,medium
Article 116,0,0,0.037348253,0,0,0,0,0,0,0,0,0,0,0,0,0.043705532,0,0,0,0,0,0,0,0,0,0,0,0.026127806,0,0,0,0,0,0,,,0.353041776,medium
Article 117,0,0,0,0.094878273,0,0,0,0,0.010331125,0,0,0,0,0,0,0.005291855,0,0,0.116237095,0,0,0,0,0,0,0,0,0,0,0,0.008672288,0,0.021674929,0,,,0.360603017,medium
Article 118,0.012268303,0,0,0,0,0,0,0,0,0,0,0,0,0,0,0.075598196,0,0.021612254,0,0,0,0,0,0,0.018516686,0,0.014617195,0.027863593,0.007525885,0,0,0,0,0,,,0.398576994,medium
Article 119,0,0,0,0,0,0,0,0,0,0,0,0,0,0,0.035170375,0.015301114,0,0,0,0,0,0,0,0,0,0,0,0.015139265,0.007675934,0,0,0,0.029838176,0,,,0.19240182,medium
Article 120,0,0,0,0.112428204,0,0,0,0,0.040807018,0,0,0,0,0,0,0,0,0,0,0,0,0,0,0,0,0,0,0,0,0,0.03425476,0,0.014269005,0,,7,7.227976232,high
Article 121,0.006591851,0,0,0.030465274,0,0,0,0,0,0,0,0,0,0,0,0.004248017,0,0,0,0,0,0,0,0,0,0,0,0.006754203,0,0,0.019804263,0,0,0,,,0.07636747,low
Article 122,0,0,0,0,0.01078072,0,0,0.025982918,0,0,0,0,0,0,0,0.013057132,0,0,0,0,0,0,0,0,0,0,0,0.018115924,0,0,0,0,0.033854869,0,,,0.163233409,medium
Article 123,0,0,0,0,0.100125415,0,0,0,0,0,0,0,0,0,0,0.012975875,0,0,0,0.086479894,0.124271841,0,0,0,0,0,0,0.006475654,0,0,0,0,0,0,,,0.58920586,medium
Article 124,0,0,0,0,0,0,0,0,0,0,0,0,0,0,0,0.002927355,0,0,0,0,0,0,0,0,0.013473527,0,0,0.012043192,0,0,0,0,0,0,,,0.057773425,low
Article 125,0,0,0,0.044268833,0,0,0,0,0,0,0,0,0,0,0,0,0,0,0.090390919,0,0,0.065397857,0,0,0,0,0.022824953,0,0.044331904,0,0,0,0.033710697,0,,,0.300925163,medium
Article 126,0,0,0,0.078654092,0,0,0,0,0,0,0,0,0,0,0,0,0,0,0,0,0,0.054435155,0,0,0,0,0,0,0,0,0,0,0.014973764,0,,,0.273086464,medium
Article 127,0,0,0,0.038136553,0,0,0,0,0,0,0,0,0,0,0,0,0,0,0,0,0,0,0,0,0,0,0,0,0,0,0,0,0.014520484,0,14,,14.10601564,high
Article 128,0,0,0,0,0,0,0,0,0.007233061,0,0.012711139,0,0,0,0,0.003704951,0,0,0,0,0,0,0,0,0,0,0,0,0,0,0.006071671,0,0,0,,,0.103936456,low
Article 129,0,0,0,0,0.021503446,0,0,0,0,0,0,0,0,0,0.007719623,0.01209051,0,0,0,0.017750696,0.01753381,0,0,0,0,0.046634426,0,0.037147929,0,0,0,0,0.017668897,0,,,0.337865309,medium
Article 130,0,0,0,0.044933946,0,0,0,0,0,0,0,0,0,0,0,0,0,0,0,0,0,0,0,0,0,0,0,0,0,0,0,0,0,0,,1,1.044933946,high
Article 131,0,0,0,0,0,0,0,0,0,0,0,0,0,0,0,0.003612042,0,0,0,0,0,0,0,0,0,0,0,0,0,0,0,0,0,0.027130015,,,0.063609248,low
Article 132,0,0,0,0.044069126,0,0,0,0,0,0,0,0,0,0,0,0,0,0,0.134974715,0,0,0,0,0,0,0,0,0,0,0,0,0,0,0,,,0.306358798,medium
Article 133,0,0,0.007344467,0,0,0,0,0,0,0,0,0,0,0,0,0.030675544,0,0,0,0,0,0,0,0,0,0,0.025156871,0.003425324,0.040764735,0,0,0,0,0,,,0.19652971,medium
Article 134,0,0,0,0,0,0,0,0,0,0,0,0,0,0,0,0.001201756,0,0,0,0,0,0,0,0,0,0,0,0.001189045,0,0,0,0,0,0,,,0.016627842,low
Article 135,0,0,0,0,0,0,0,0,0.005560106,0.004472194,0,0,0,0,0,0,0,0,0,0,0.003404191,0,0,0,0,0,0,0,0.002270592,0,0,0,0,0,,,0.01819475,low
Article 136,0,0,0,0,0,0,0,0,0,0,0,0,0,0,0,0.003295071,0,0,0,0,0.00673178,0.016354666,0,0,0,0,0,0,0,0,0,0,0,0,,,0.096859738,low
Article 137,0,0,0,0,0,0,0,0,0,0,0,0,0,0,0,0.014731393,0,0,0,0,0,0,0,0,0,0,0,0,0.006691335,0,0,0,0,0,,,0.050912658,low
Article 138,0,0,0,0,0,0,0,0,0,0,0,0,0,0,0,0.015001616,0,0,0,0,0,0,0,0,0,0,0,0.038279932,0,0,0,0,0,0,,,0.252610942,medium
Article 139,0,0,0,0,0,0,0,0,0,0,0,0,0,0,0,0,0,0,0,0,0,0,0,0,0,0,0,0,0,0,0,0,0,0,,2,2,high
Article 140,0,0,0,0,0,0,0,0,0,0,0,0,0,0,0,0.002743593,0,0,0,0,0,0,0,0,0,0,0,0.002714572,0,0,0,0,0,0,,,0.023572947,low
Article 141,0,0,0,0.139839892,0,0,0,0,0,0,0,0,0,0,0,0,0,0,0,0,0,0,0,0,0,0,0,0,0,0,0,0,0.017748003,0,,,0.157587895,medium
Article 142,0,0,0,0,0,0,0,0,0,0,0,0,0,0,0,0.007605985,0,0,0,0,0,0,0,0,0,0,0.004687431,0,0.005649378,0,0,0,0,0,,,0.03316878,low
Article 143,0,0,0,0.106711917,0,0,0,0,0,0,0,0,0,0,0,0.014879698,0,0,0,0,0,0.113264579,0,0,0,0,0,0,0,0,0,0,0,0,,,0.45789965,medium
Article 144,0,0,0,0.050370407,0,0,0.030951975,0,0.013711858,0,0,0,0,0,0,0.00702355,0,0.043780442,0.102849499,0,0,0,0,0,0,0,0,0,0.00957077,0,0.011510187,0,0,0,,1,1.338969465,high
Article 145,0.015595861,0,0.048461013,0,0.012520905,0,0,0,0,0,0,0,0,0,0,0.015342758,0,0,0,0,0,0,0,0,0,0,0,0.015180469,0,0,0,0,0,0,,,0.286033228,medium
Article 146,0,0,0,0,0,0,0,0,0,0.020211259,0,0,0,0,0.050618517,0.007927896,0,0,0,0,0,0,0,0,0,0,0,0.007844038,0,0,0,0,0,0,,,0.184461484,medium
Article 147,0,0,0,0,0.074798855,0,0,0,0,0,0,0,0,0,0,0.01520363,0,0,0,0.01674092,0.024166443,0,0,0,0,0.008796311,0,0.032857265,0,0,0,0,0,0,,,0.3227874,medium
Article 148,0,0,0,0,0.011085135,0,0,0,0,0,0,0,0,0,0,0.004527802,0,0,0,0,0,0.023567731,0,0,0,0,0.01645107,0.018627462,0.008470083,0,0,0,0,0,,,0.19124728,medium
Article 149,0,0,0,0,0,0,0,0,0,0,0,0,0,0,0,0,0,0,0,0,0,0,0,0,0,0,0,0,0,0,0,0,0,0,,2,2,high
Article 150,0,0,0,0,0.242336851,0,0,0,0.025480685,0,0.011194725,0,0,0,0,0.053058271,0,0,0,0.190138789,0.31159776,0,0,0,0,0,0,0.004928427,0,0,0.021389329,0,0,0,,,1.00251746,high
Article 151,0,0,0,0.120880598,0,0,0,0,0,0,0,0,0,0,0,0,0,0,0.030852711,0,0,0.11160973,0,0,0,0,0,0,0,0,0,0,0,0,,32,32.26334304,high
Article 152,0,0,0,0.079331158,0,0,0,0,0,0,0,0,0,0,0,0,0,0,0.161983403,0,0,0,0,0,0,0,0,0,0.015073539,0,0,0,0,0,,1,1.256388099,high
Article 153,0,0,0,0.063415477,0,0,0,0,0,0,0,0,0,0,0,0,0,0,0,0,0,0,0,0,0,0,0,0,0,0,0,0,0,0,2.8,,2.863415477,high
Article 154,0.004492687,0.127456336,0,0.020763661,0,0,0,0,0,0,0,0,0,0,0,0.002895244,0,0,0.042396563,0,0,0,0,0,0,0,0,0,0,0,0,0,0.007905759,0,,2,2.22623177,high
Article 155,0,0,0,0,0.019763472,0,0,0,0,0,0,0,0,0,0,0.005556097,0,0,0,0.01631438,0.016115043,0,0,0,0,0,0,0.017071033,0,0,0,0,0,0,,,0.165449124,medium
Article 156,0,0,0,0.018831896,0,0,0,0,0,0,0,0,0,0,0,0,0,0,0,0.047081595,0.02504778,0,0,0,0,0,0,0,0,0,0,0,0.005858079,0.019722977,,,0.162526579,medium
Article 157,0,0,0,0,0,0,0,0,0,0,0,0,0,0,0,0,0,0,0.004965551,0,0,0,0,0,0,0,0,0.002156601,0,0,0,0,0,0,,,0.009147153,low
Article 158,0.008326159,0.033744415,0.005792392,0,0,0,0,0,0,0,0,0,0,0,0,0.019017392,0,0,0.019643061,0,0,0,0,0,0,0,0.049601438,0.013507324,0.039235061,0,0,0,0,0,,,0.318234625,medium
Article 159,0,0,0,0,0.213411355,0,0,0,0.031839492,0,0,0,0,0,0.010597461,0.022034117,0,0,0,0.146208424,0.187889252,0,0,0,0,0.012803903,0,0.033709365,0,0,0.026727122,0,0,0,,,0.843105365,medium
Article 160,0,0,0,0,0,0,0,0,0,0,0,0,0,0,0,0.0017907,0,0,0,0,0,0,0,0,0,0,0,0.001771759,0.004491599,0,0,0,0.007850709,0,,,0.101541273,low
Article 161,0.011349519,0,0,0,0,0,0,0,0,0,0,0,0,0,0,0.003721776,0,0,0,0,0,0,0,0,0,0,0,0.003682409,0,0,0,0,0.028613908,0,,,0.136567567,low
Article 162,0.02160716,0,0,0.024965221,0,0,0,0,0,0,0,0,0,0.066654299,0.01357198,0.024675952,0,0,0,0,0,0,0,0.046837269,0,0,0.025744071,0.028596045,0.022741898,0,0,0,0,0,,,0.52402209,medium
Article 163,0,0,0,0,0.096051407,0,0,0,0,0,0,0,0,0,0,0.020186748,0,0,0,0.071129274,0.133699659,0,0,0,0,0,0,0.019973222,0,0,0,0,0,0,,,0.486979759,medium
Article 164,0,0,0.009387307,0,0,0,0,0,0.076393941,0,0,0,0,0,0,0.002212436,0,0,0,0,0,0,0,0,0,0,0,0.01601497,0,0,0.064127599,0,0,0,,,0.236591279,medium
Article 165,0,0,0,0,0,0,0,0,0,0,0,0,0,0,0,0,0,0,0,0,0,0,0,0,0,0,0,0,0,0,0,0,0,0,,2,2,high
Article 166,0.008015044,0,0,0,0,0,0,0.04023487,0,0.020101822,0,0,0,0,0,0.059902591,0,0,0,0,0,0,0,0,0,0,0.019099213,0.036818189,0.009833519,0,0,0,0,0,,4,4.429917218,high
Article 167,0,0,0,0,0,0,0,0,0,0,0,0,0,0,0,0.011295412,0,0,0,0,0,0,0,0,0,0,0,0.011175934,0,0,0,0,0,0,,,0.088376352,low
Article 168,0,0,0,0,0,0,0,0.011940732,0,0,0,0,0,0,0,0,0,0,0,0,0,0,0,0,0,0,0,0.012646232,0,0,0,0,0,0,,,0.052812902,low
Article 169,0,0,0,0,0,0,0,0,0,0,0,0,0,0,0,0,0,0,0,0,0,0,0,0,0,0,0,0,0.006484065,0,0,0,0,0,,,0.006484065,low
Article 170,0,0,0,0,0,0,0,0,0,0,0,0,0,0,0.131889856,0.060805499,0,0,0,0,0,0,0,0,0.017606463,0,0,0.037848435,0,0,0,0,0,0,,,0.436457781,medium
Article 171,0,0,0,0,0,0,0,0,0,0,0,0,0,0,0,0.050265098,0,0,0.064476123,0,0,0,0,0,0,0,0.010854073,0.030024515,0.045587682,0,0,0,0.008015315,0,,269,269.3672219,high
Article 172,0,0,0,0,0,0,0,0,0,0,0,0,0,0,0,0,0,0,0,0,0,0,0,0,0,0,0,0,0,0,0,0,0,0,,2,2,high
Article 173,0,0,0,0.077846788,0,0,0,0,0,0,0,0,0,0,0,0,0,0,0.039738131,0,0,0.028750549,0,0,0,0,0,0,0,0,0,0,0,0,,,0.146335468,medium
Article 174,0,0,0,0,0,0,0,0,0.074906068,0.052561636,0,0,0,0,0,0.009965314,0,0,0,0,0,0,0,0,0.01146666,0,0,0.009859906,0.012497962,0,0.008023481,0,0,0,,,0.24659175,medium
Article 175,0,0,0,0,0,0,0,0,0,0,0,0,0,0,0,0.002155784,0,0,0,0,0,0,0,0,0,0,0,0.002132981,0.005407337,0,0,0,0,0,,,0.016260628,low
Article 176,0,0,0,0,0,0,0,0,0,0,0,0,0,0,0,0.002747317,0,0,0,0,0,0,0,0,0,0,0,0.007010385,0,0,0,0,0,0,,,0.085908307,low
Article 177,0,0,0,0,0,0,0,0,0.006149217,0,0,0,0,0,0,0.01740746,0,0,0,0,0,0,0,0,0,0,0,0.014773565,0,0,0.005161856,0,0,0.047315928,,,0.187012134,medium
Article 178,0,0.069642277,0,0.079417004,0.013795649,0,0,0,0,0,0,0,0,0,0,0,0,0,0,0,0,0,0,0,0,0,0.020473652,0,0.01054117,0,0,0,0,0,,,0.193869752,medium
Article 179,0,0,0,0,0,0,0,0,0,0,0,0,0,0,0,0.022174654,0,0,0,0,0.015012206,0,0,0,0,0,0,0.019082549,0,0,0,0,0,0,,,0.160614809,medium
Article 180,0,0,0,0,0,0,0,0,0,0,0,0,0,0,0,0.011446331,0,0,0,0,0,0,0,0,0,0.026489854,0,0.011325257,0,0,0,0,0,0,,,0.217482311,medium
Article 181,0,0,0,0.019981374,0,0,0,0,0,0,0,0,0,0,0,0,0,0,0.08159848,0,0,0,0,0,0,0,0.01030237,0,0.012416608,0.029989657,0,0,0.007607904,0,,7,7.219622243,high
Article 182,0,0,0.006546163,0,0,0,0,0,0,0,0,0,0,0,0,0.009149556,0,0,0,0,0,0.046158591,0,0,0,0,0,0.00305301,0,0,0,0,0,0,,,0.760466204,medium
Article 183,0,0,0,0,0,0,0,0,0,0,0,0,0,0,0,0,0,0,0,0,0,0,0,0,0,0,0,0,0,0,0,0,0,0,,12,12,high
Article 184,0.002605288,0,0,0,0.242211377,0,0,0,0.026221913,0,0,0,0,0,0,0.004241946,0,0.004589563,0,0.082783415,0.095048298,0,0,0,0.007864381,0.027680245,0,0.002535897,0,0,0.02201154,0,0,0,,,0.628487226,medium
Article 185,0.009159226,0,0,0,0.019948742,0,0,0,0,0,0,0,0,0,0.046025053,0.023714624,0,0,0,0,0,0.015633706,0,0,0.013824121,0,0,0.005943515,0,0,0,0,0.008058722,0,,,0.583953037,medium
Article 186,0,0,0,0,0,0,0,0,0.006878503,0.005532628,0,0,0,0,0,0.003146841,0,0,0,0,0,0,0,0,0,0,0,0.003113556,0,0,0,0,0,0,,,0.040740326,low
Article 187,0,0,0,0.078638389,0,0,0,0,0.014271322,0,0,0,0,0,0,0.007310121,0,0.022783374,0.053522955,0,0,0,0,0,0,0,0,0,0.009961272,0,0.011979819,0,0,0,,1,1.231438728,high
Article 188,0,0,0,0,0,0,0,0,0,0,0,0,0,0,0,0.002128379,0,0,0,0,0,0,0,0,0,0,0,0.002105866,0,0,0,0,0,0,,,0.010715318,low
Article 189,0,0,0,0,0.117326417,0,0,0,0.046777581,0,0,0,0,0,0,0.009144359,0,0,0,0,0.012237797,0,0,0,0,0,0,0.018571777,0,0,0.039266648,0,0,0,,,0.391827206,medium
Article 190,0,0,0,0,0,0,0,0,0,0,0,0,0,0,0,0.040160404,0,0,0,0,0.021083798,0.055873512,0,0,0.012351553,0,0,0.059672986,0,0,0,0,0,0,,,0.440201511,medium
Article 191,0,0,0,0,0.146543157,0,0,0,0,0,0.009099914,0,0,0,0,0.006748375,0,0,0,0.07133497,0.054207067,0,0,0,0,0,0,0.010894183,0,0,0,0,0.023668748,0.019921981,,,0.372380324,medium
Article 192,0,0,0,0,0,0,0,0,0,0,0,0,0,0,0,0,0,0,0,0,0,0,0,0,0,0,0,0,0,0,0,0,0,0,,,0,low
Article 193,0,0,0,0.083330481,0.014475465,0,0,0,0,0,0,0,0,0,0,0,0,0,0,0,0,0,0,0,0,0,0.021482544,0,0.011060613,0,0,0,0,0,0.7,,0.830349104,medium
Article 194,0,0,0,0.139227026,0,0,0,0,0,0,0,0,0,0,0,0,0,0,0,0,0,0,0,0,0,0,0,0,0,0,0,0,0,0,,2,2.139227026,high
Article 195,0,0,0,0,0,0,0,0,0,0,0,0,0,0,0,0.002393612,0,0,0,0,0,0.02491805,0,0,0,0,0,0.002368293,0,0,0,0,0,0,,,0.036968683,low
Article 196,0,0,0,0,0,0,0,0,0,0,0,0,0,0,0,0.007149418,0,0,0,0,0,0,0,0,0,0,0,0.007073795,0,0,0,0,0,0,,,0.059605674,low
Article 197,0,0,0,0,0.10082771,0,0,0,0.011348411,0,0,0,0,0,0,0.00295794,0,0,0,0.052112429,0.062839232,0,0,0,0,0.013690918,0,0.002926652,0,0,0.009526231,0,0,0,,,0.285865304,medium
Article 198,0,0.052169525,0,0.118983685,0.020668838,0,0,0,0,0,0,0,0,0,0,0,0,0,0,0,0,0,0,0,0,0,0,0,0,0,0,0,0,0,4.9,,5.242883526,high
Article 199,0,0,0,0.021033314,0,0,0,0.017611912,0,0,0,0,0,0,0,0.029328437,0,0,0,0,0,0,0,0,0,0,0,0,0,0,0,0,0,0,,,0.126684577,low
Article 200,0,0,0,0.041308263,0,0,0,0,0,0,0,0,0,0,0,0,0,0,0.084345837,0,0,0,0,0,0,0,0.042596973,0,0.052332964,0,0,0,0,0,,3,3.307278473,high
Article 201,0,0,0,0,0.00812954,0,0,0,0,0,0,0,0,0,0,0.001660284,0,0,0,0.131627592,0.103068526,0,0,0,0,0,0,0.001642722,0,0,0,0,0,0,,,0.297499555,medium
Article 202,0,0,0,0,0,0,0,0,0,0,0,0,0,0,0,0,0,0,0,0,0,0,0,0,0,0,0,0,0,0,0,0,0,0,,2,2,high
Article 203,0,0,0,0,0,0,0,0,0,0,0,0,0,0,0,0.003984891,0,0,0.028668705,0,0,0,0,0,0,0,0,0.016393916,0.021342376,0,0,0,0.030636796,0,,1,1.22432329,high
Article 204,0,0,0,0,0.072146261,0,0,0,0.043960852,0.027356585,0,0,0,0,0,0.005186615,0,0,0,0.022844204,0.042939596,0,0,0,0,0.012003206,0,0.005131753,0,0,0.008351911,0,0,0,,,0.273800312,medium
Article 205,0,0,0.005016981,0,0,0,0,0,0,0,0,0,0,0,0,0.034978804,0,0,0,0,0,0,0,0,0,0,0,0.014408658,0,0,0,0,0,0,,,0.197797248,medium
Article 206,0,0.064510383,0,0.147129633,0,0,0,0,0,0,0,0,0,0,0,0,0,0,0.11265699,0,0,0,0,0,0,0,0.018964962,0,0.009764398,0,0,0,0,0,,,0.353026366,medium
Article 207,0,0,0,0,0,0,0,0,0,0,0,0,0,0,0,0.002628608,0,0,0,0,0,0,0,0,0,0,0,0.010814142,0.007039181,0,0,0,0,0,,,0.156809393,medium
Article 208,0,0,0,0.104552884,0,0,0,0,0,0,0,0,0,0,0,0,0,0,0,0,0,0,0,0,0,0,0,0,0,0,0,0,0,0,,2,2.104552884,high
Article 209,0,0,0,0,0.013583765,0,0,0,0.039478752,0.014632364,0,0.060064029,0,0,0,0.002774193,0,0,0.019958517,0,0,0,0,0,0,0,0,0.002744849,0,0,0.017868926,0,0,0,,,0.309312304,medium
Article 210,0,0,0,0,0,0,0,0,0,0,0,0,0,0,0,0,0,0,0,0,0,0,0,0,0,0,0,0,0,0,0,0,0,0,,2,2,high
Article 211,0,0,0,0,0,0,0,0,0,0,0,0,0,0,0,0.002932671,0,0,0,0,0,0,0,0,0,0,0,0.002901651,0,0,0,0,0,0,,,0.05566935,low
Article 212,0,0,0,0.108387303,0,0,0,0,0,0,0,0,0,0,0,0.010075541,0,0,0.036885348,0,0,0,0,0,0,0,0.018628118,0,0.009590969,0,0,0,0,0,,1,1.279561757,high
Article 213,0,0,0,0,0,0,0,0,0,0,0,0,0,0,0,0.004423182,0.016584219,0,0,0,0,0,0,0,0,0,0,0.011286725,0,0,0,0,0,0,,5,5.201859925,high
Article 214,0,0,0,0,0.016760038,0,0,0,0.003749588,0,0,0,0,0,0,0.004886611,0,0,0,0.017218281,0.024686306,0,0,0,0,0.004523567,0,0.004834923,0,0,0.003147528,0,0,0,,,0.141926159,low
Article 215,0,0,0,0.010738864,0,0,0.013197791,0,0,0,0,0,0,0,0,0.038136609,0,0,0,0,0,0,0,0,0,0,0.011073889,0,0.005701559,0,0,0,0.00408882,0,,,0.082937532,low
Article 216,0,0,0,0.021154992,0,0,0,0,0,0,0,0,0,0,0,0,0,0,0,0,0,0,0,0,0,0,0,0,0.00753002,0,0.027504037,0,0.008054758,0,,,0.085180067,low
Article 217,0,0,0,0.185357847,0,0,0,0,0,0,0,0,0,0,0,0,0,0,0,0,0,0,0,0,0,0,0,0,0,0,0,0,0,0,,5,5.185357847,high
Article 218,0,0,0,0,0.004296931,0,0,0,0,0,0,0,0,0,0.006723687,0.005204253,0,0,0,0,0,0,0,0,0,0,0,0.001736547,0,0,0,0,0,0,,,0.078595542,low
Article 219,0,0,0.006803155,0,0,0,0,0,0,0,0,0,0,0,0,0.015810719,0,0,0,0,0,0,0,0,0,0,0,0.003172866,0,0,0,0,0.025812247,0,,,0.096003466,low
Article 220,0,0,0,0.054691317,0,0,0,0,0,0,0,0,0,0,0,0.002587035,0,0,0.018612035,0,0,0,0,0,0,0,0,0.00255967,0,0,0,0,0.006941236,0,,295,295.2767783,high
Article 221,0,0,0,0,0.036651605,0,0,0,0.011177311,0,0,0,0,0,0.011160773,0.011653371,0,0,0,0.025663365,0.025349798,0,0,0,0,0,0,0.011530107,0,0,0.009382604,0,0,0,,,0.198371943,medium
Article 222,0,0,0,0,0,0,0,0,0,0,0,0,0,0,0,0,0,0,0,0,0,0,0,0,0,0,0,0,0,0,0,0,0,0,,2,2,high
Article 223,0,0,0,0,0,0,0,0,0,0,0,0,0,0,0,0.008713781,0,0,0.020896667,0,0,0,0,0,0,0,0.031660178,0.017697293,0.076063314,0,0,0,0,0,,1,1.346202436,high
Article 224,0,0,0,0,0,0,0,0,0,0,0,0,0,0,0,0.043517934,0,0,0,0,0,0,0,0,0,0,0,0.00643137,0,0,0,0,0,0,,,0.1185613,low
Article 225,0.003899634,0,0,0.009011385,0,0,0,0,0,0,0,0,0,0,0,0.001278782,0,0.006869725,0,0,0.005134142,0,0,0,0,0,0.009292517,0.001265256,0.004784393,0,0,0.014973847,0.013724332,0,,,0.074128003,low
Article 226,0.011836921,0,0,0.027353095,0,0,0,0,0,0,0,0,0,0,0,0,0,0,0.027925644,0,0,0.116130865,0,0,0,0,0,0,0.030525412,0,0,0,0.010414685,0,,34,34.23557498,high
Article 227,0,0,0,0.038899992,0,0,0,0,0.021178752,0,0,0,0,0,0,0.005424138,0,0,0,0,0,0,0,0,0,0,0,0,0,0,0.017778145,0,0,0,3.5,,3.60774599,high
Article 228,0,0,0.007532076,0,0,0,0,0.020949227,0,0,0,0,0,0,0,0.031829817,0,0,0,0,0,0,0,0,0,0,0,0.024589749,0,0,0,0,0.019051925,0,,,0.243118709,medium
Article 229,0,0,0,0,0,0,0,0,0,0,0,0,0,0,0,0.029354282,0,0,0,0,0,0,0,0,0,0,0,0.017548418,0.014829044,0,0,0,0,0,,,0.250602651,medium
Article 230,0,0,0,0,0,0.005034378,0,0,0,0,0.003331924,0,0,0,0,0.024347923,0,0,0,0,0.007850729,0.007716823,0,0,0,0,0,0.005455758,0,0,0,0,0.006499715,0.007294411,,,0.128632536,low
Article 231,0,0,0,0,0.016986832,0,0,0,0.010060909,0,0,0,0,0,0.080368186,0.015642864,0,0,0,0.02310008,0.022817833,0,0,0,0,0.060688267,0,0.010378467,0,0,0.00844546,0,0,0,,,0.38988151,medium
Article 232,0,0,0,0,0.057919186,0,0,0,0,0,0,0,0,0,0.056643702,0.029366041,0,0,0,0,0,0,0,0,0,0,0,0.017555448,0,0,0,0,0,0,,,0.297379922,medium
Article 233,0,0,0,0,0,0,0,0,0,0,0,0,0,0,0,0,0,0.003407693,0,0,0,0,0,0,0,0,0,0,0,0,0,0,0,0,,,0.006150459,low
Article 234,0,0,0,0,0,0,0,0,0,0,0,0,0,0,0,0.004774494,0,0,0,0,0,0,0,0,0,0,0,0.004723991,0,0,0,0,0,0,,,0.04068581,low
Article 235,0,0,0,0,0.005345758,0,0,0,0,0,0,0,0,0,0,0.013101078,0,0,0,0.153874896,0.229002926,0,0,0,0.010049899,0.030319378,0,0.026607693,0.005476889,0,0,0,0,0,,,0.547432179,medium
Article 236,0,0,0,0,0,0,0,0,0,0,0,0,0,0,0,0,0,0,0,0,0,0,0,0,0,0,0,0,0,0,0,0,0,0,,2,2,high
Article 237,0,0,0,0,0,0,0,0,0.00650889,0,0,0,0,0,0,0.001696529,0,0,0,0,0,0,0,0,0,0,0,0.012280518,0,0,0.005463778,0,0.007437848,0,,,0.135750822,low
Article 238,0,0,0.004320947,0,0,0,0,0,0,0,0,0,0,0,0,0.002036754,0,0,0,0,0,0,0,0,0,0,0,0.00201521,0,0,0,0,0,0,,,0.12820936,low
Article 239,0,0,0,0,0.036524637,0,0,0,0,0,0,0,0,0,0.01311215,0.020417191,0,0,0,0.03015041,0.029782019,0,0,0,0,0.015842163,0,0.013546059,0,0,0,0,0,0,,,0.258483424,medium
Article 240,0,0,0,0.106040477,0,0,0,0,0,0,0,0,0,0,0,0,0,0,0,0,0,0,0,0,0,0,0,0,0,0,0,0,0,0,,17,17.10604048,high
Article 241,0,0,0,0,0,0,0,0,0,0,0,0,0,0,0,0.003834161,0,0,0.027584302,0,0,0,0,0,0,0,0.041792499,0.003793605,0.081171736,0,0,0,0,0,,1,1.357027353,high
Article 242,0.011825485,0,0,0.027326668,0,0,0,0,0,0,0,0,0,0,0,0.034360869,0,0,0,0,0,0,0,0,0,0,0,0.003836839,0.009726799,0,0,0,0,0,,,0.417099822,medium
Article 243,0,0,0,0.042951345,0,0,0,0,0,0,0,0,0,0,0,0,0,0,0.043850393,0,0,0,0,0,0,0,0,0,0,0,0,0,0.016353715,0,,25,25.25728876,high
Article 244,0,0,0,0,0,0,0,0,0,0,0.016530325,0,0,0,0,0.007269874,0,0,0,0,0,0.012761557,0,0,0,0,0,0.0024258,0,0,0,0,0,0,,,0.073196788,low
Article 245,0,0,0,0,0.030666143,0,0,0,0,0,0,0,0,0,0,0.013742484,0,0,0,0.030264066,0.04368785,0,0,0,0,0.063607526,0,0.013597122,0,0,0,0,0.015062301,0,,,0.276434372,medium
Article 246,0,0,0,0,0,0,0,0,0.032873899,0.026441663,0,0,0,0,0,0.034655885,0,0,0,0,0,0,0,0,0,0,0,0.009920251,0,0,0,0,0,0,,,0.218688755,medium
Article 247,0,0,0,0,0.047549653,0,0,0,0,0,0,0,0,0,0,0.008627583,0,0,0,0.018999893,0.018767744,0,0,0,0,0,0,0.015275752,0,0,0,0,0,0,,,0.251420434,medium
Article 248,0,0,0,0,0,0,0,0,0,0,0,0,0,0,0.012153626,0.003172511,0.130817223,0,0,0,0,0,0,0,0,0,0,0.003138954,0,0,0,0,0,0,,5,5.218832751,high
Article 249,0.004362486,0,0,0,0.007004714,0,0,0,0,0,0,0,0,0.006728752,0,0.002145844,0,0,0,0.006300847,0.023206701,0,0,0,0,0,0,0.002123146,0,0,0,0,0,0,,,0.072992091,low
Article 250,0,0,0,0.0794083,0,0,0,0,0,0,0,0,0,0,0,0.007512418,0,0,0,0,0,0,0,0,0,0,0,0.007432955,0.009421671,0,0,0,0,0,,6,6.145168525,high
Article 251,0,0,0,0,0.073674832,0,0,0,0,0,0,0,0,0.009436306,0.011528381,0.017395519,0,0.006143897,0,0.044181085,0.039613946,0,0,0,0,0.009285763,0,0.00893241,0,0,0,0,0.004397749,0.014806338,,,0.28087809,medium
Article 252,0,0,0.004132159,0,0.037121103,0,0,0,0.007472783,0,0,0,0,0,0,0.001947765,0,0,0,0.05147305,0.035204089,0,0,0,0,0.009015294,0,0.001927163,0,0,0.006272901,0,0,0,,,0.174081091,medium
Article 253,0.007143301,0,0.004969494,0.016506944,0.005734893,0,0,0,0,0.017915479,0,0,0,0,0,0.007027373,0,0,0,0,0,0,0,0,0,0,0.017021918,0.014272275,0.008763992,0,0,0,0.056565137,0,,,0.246833061,medium
Article 254,0,0,0.002415526,0,0.004774759,0.011599256,0,0,0,0,0.007676785,0,0,0,0,0.006791975,0,0,0,0,0,0,0,0,0,0,0,0.004506227,0,0,0,0,0,0,,,0.0912152,low
Article 255,0,0,0,0.012481495,0,0,0,0,0,0,0,0,0,0,0,0.00348079,0,0,0,0,0,0,0,0,0,0,0,0,0,0,0,0,0,0.026144179,,,0.061426901,low
Article 256,0,0,0,0,0,0,0,0,0,0,0,0,0,0,0,0.013314571,0,0,0,0.07819121,0.041598341,0,0,0,0,0,0,0.013173735,0,0,0,0,0,0,,,0.208701054,medium
Article 257,0,0,0,0,0,0,0,0,0,0,0,0,0,0,0,0,0,0,0,0,0,0,0,0,0,0,0,0,0,0,0,0,0,0,,2,2,high
Article 258,0,0,0,0,0,0,0,0,0,0,0,0,0,0,0,0.007096162,0,0,0,0,0.014370107,0,0,0,0,0,0,0.003541364,0,0,0,0,0,0,,,0.067908453,low
Article 259,0,0,0,0,0.074484653,0,0,0,0,0,0,0,0,0,0.030770245,0.008032084,0,0,0,0.047169253,0.046592918,0,0,0,0,0,0,0.007947124,0,0,0,0,0,0,,,0.340669186,medium
Article 260,0,0,0,0.042756106,0,0,0,0,0.005819545,0,0,0,0,0,0,0.014904567,0,0.00929058,0.021825534,0,0,0,0,0,0,0,0.011022496,0,0.017346514,0,0.004885118,0,0,0,,37,37.23866611,high
Article 261,0,0,0.003523961,0,0.13863465,0,0,0,0.012745782,0,0,0,0,0,0.03818077,0.023197319,0,0,0,0.02926461,0.041957445,0,0,0,0,0.01537673,0,0.045673157,0,0,0.01069923,0,0,0,,,0.530594816,medium
Article 262,0,0,0,0,0,0,0,0,0.005494301,0,0,0,0,0,0,0.002864156,0,0,0,0,0,0,0,0,0,0,0,0.00283386,0,0,0.004612098,0,0,0,,,0.06447516,low
Article 263,0,0,0,0,0.024335907,0,0,0,0,0,0,0,0,0,0,0.037219145,0,0,0,0,0,0,0,0,0,0,0,0.005901019,0,0,0,0,0,0,,,0.259101126,medium
Article 264,0,0,0,0,0.085554112,0,0,0,0,0,0,0,0,0,0.037708791,0.006562188,0,0,0,0,0,0,0,0,0,0.015186647,0,0.016744869,0,0,0,0,0.028769659,0,,,0.403193565,medium
Article 265,0,0.051712594,0,0.058970778,0,0,0,0,0,0,0,0,0,0,0,0,0,0,0.090307713,0,0,0,0,0,0,0,0.015202628,0,0.007827304,0,0,0,0.022453111,0,,,0.246474128,medium
Article 266,0,0,0,0.075819748,0,0,0,0,0,0,0,0,0,0,0,0,0,0,0.038703396,0,0,0,0,0,0,0,0,0,0,0,0,0,0,0,,37,37.14104387,high
Article 267,0,0,0,0.041938624,0,0,0,0,0.011416554,0,0,0,0,0,0,0.002975701,0,0,0,0,0.011947045,0,0,0,0,0,0.03243525,0.002944225,0.032637112,0,0.009583433,0,0.039920304,0,,1,1.34513437,high
Article 268,0,0,0,0,0,0,0,0,0,0,0,0,0,0,0,0,0,0,0,0,0,0,0,0,0,0,0,0,0,0,0,0,0,0,,2,2,high
Article 269,0,0,0,0,0.201948109,0,0,0,0.008803911,0,0,0,0,0,0,0.018670019,0,0,0,0.181925844,0.165883491,0,0,0,0,0,0,0.004540897,0,0,0.007390294,0,0.005030208,0.033871402,,,0.698467764,medium
Article 270,0,0,0,0,0.01453692,0,0,0,0,0,0,0,0,0,0.025791431,0.015709035,0,0,0,0.01976849,0.010516993,0,0,0,0,0.03116133,0,0.015542872,0,0,0,0,0,0,,,0.395666796,medium
Article 271,0,0,0,0.041437692,0,0,0,0,0.01128019,0,0,0,0,0,0,0.020274127,0,0,0,0,0,0.10326822,0,0,0,0,0.02136522,0.021282671,0.011000208,0,0.009468964,0,0,0,,,0.55862008,medium
Article 272,0,0,0,0,0.009343386,0,0,0,0,0,0,0,0,0,0,0.015132669,0,0,0,0,0,0,0,0,0,0,0,0.007552009,0,0,0,0.044687648,0,0,,,0.187016222,medium
Article 273,0,0,0,0.065268404,0.022675748,0,0,0,0,0,0,0,0,0,0,0,0,0,0,0,0,0.352459095,0,0,0,0,0,0,0,0,0,0,0,0,,,0.463233254,medium
Article 274,0,0,0,0,0,0,0,0,0,0,0,0,0,0,0,0.00672901,0,0,0,0,0,0,0.090623435,0,0,0,0,0.006657833,0.016878324,0,0,0,0,0,,,0.372225682,medium
Article 275,0,0,0,0,0,0,0,0,0,0,0,0,0,0,0,0.02873891,0,0,0,0,0,0,0,0,0,0,0,0.023356153,0,0,0,0,0.00679868,0,,,0.126398713,low
Article 276,0.010777821,0,0,0,0,0,0,0,0,0,0.023829331,0,0,0,0.094777341,0.035097021,0.026502934,0,0,0,0,0.09198227,0,0,0,0,0,0.032024781,0,0,0,0,0,0,,,0.74897087,medium
Article 277,0,0,0,0,0,0,0,0,0,0,0,0,0,0,0,0,0,0,0,0,0,0,0,0,0,0,0,0,0,0,0,0,0,0,,,0,low
Article 278,0,0,0.028074719,0,0,0,0,0,0,0,0,0,0,0,0,0.029314832,0,0,0,0,0,0,0,0,0,0,0.012020479,0.003273383,0.006188926,0,0,0,0,0,,,0.302515507,medium
Article 279,0,0,0,0,0,0,0,0,0.020627433,0.016591388,0,0,0,0,0,0.00314561,0,0,0,0,0,0,0,0,0,0,0,0.003112337,0,0,0,0,0.008439941,0,,,0.116560727,low
Article 280,0,0.015514898,0,0.01769251,0.03073393,0,0,0,0,0,0,0,0,0,0,0.002467009,0,0,0.036125693,0,0,0.019602712,0,0,0,0,0.004561118,0,0.005710076,0,0,0,0,0,,304,304.1373465,high
Article 281,0,0,0.010975198,0.109367462,0,0,0,0,0,0,0,0,0,0,0,0.002586676,0,0.015843151,0,0,0,0,0,0,0,0,0.028194861,0.002559315,0.014516552,0,0.023698479,0,0.041641637,0,0.7,,1.01137828,high
Article 282,0,0,0,0,0,0,0,0,0,0,0,0,0,0,0,0.004160773,0,0,0,0,0,0,0,0,0,0,0,0.004116762,0,0,0,0,0.031989017,0,,,0.052936419,low
Article 283,0,0,0,0,0,0,0,0.03924437,0,0,0.027634499,0,0,0,0.029463035,0.035623005,0,0,0,0,0,0,0.069051464,0.033892576,0,0,0,0.020292019,0,0,0,0,0,0,,,0.423218174,medium
Article 284,0,0,0,0,0.065735475,0,0,0,0,0,0,0,0,0,0.007866229,0.014373479,0,0,0,0.018087805,0.009622855,0,0,0,0,0,0,0.027053247,0,0,0,0,0,0,,,0.286747876,medium
Article 285,0,0,0.011694448,0,0.038097218,0,0,0,0,0,0,0,0,0,0.01055874,0.008268574,0,0,0,0.048558066,0.059030506,0,0,0,0,0.076542718,0,0.008181113,0,0,0,0,0.012083575,0,,,0.317415035,medium
Article 286,0,0,0,0,0,0,0,0,0,0,0,0,0,0,0,0,0,0,0,0,0,0,0,0,0,0,0,0,0,0,0,0,0,0,,2,2,high
Article 287,0,0,0,0,0.135148013,0,0,0,0,0,0,0,0,0,0.024258709,0.012664702,0,0,0,0.027890544,0.027549765,0,0,0,0,0.043964232,0,0.01253074,0,0,0,0,0,0,,,0.403890739,medium
Article 288,0,0,0,0.071651569,0,0,0,0,0,0,0,0,0,0,0,0,0,0,0.048767577,0,0,0.070566713,0,0,0,0,0.012314485,0,0.015416538,0,0,0,0.009093773,0,,,0.244519156,medium
Article 289,0,0,0,0,0.094379201,0,0,0,0.009407154,0,0,0,0,0,0,0.00490391,0,0,0,0.064797131,0.04431686,0,0,0,0,0,0,0.004852039,0,0,0.007896676,0,0,0,,,0.31388536,medium
Article 290,0.012080002,0,0,0.055829628,0,0,0,0,0.030395941,0,0,0,0,0.037264689,0,0,0,0,0,0,0,0,0,0,0,0,0,0,0,0,0.025515357,0,0.010628559,0,,7,7.199340367,high
Article 291,0,0,0.005855167,0,0.003378489,0,0,0,0,0,0,0,0,0,0,0.014271287,0,0,0,0,0.016621164,0.007182891,0,0,0,0,0,0.002730742,0,0,0,0,0.003702572,0,,,0.0717704,low
Article 292,0,0,0,0.031705505,0,0,0,0,0,0,0,0,0,0,0,0,0,0,0,0,0,0,0,0,0,0,0,0,0,0,0,0,0,0,,,0.251349308,medium
Article 293,0,0,0,0,0,0,0,0,0,0,0,0.092911385,0,0,0.016439697,0.010728305,0,0,0,0,0,0,0,0,0,0,0,0.010614826,0.016145836,0,0,0,0,0,,1,1.285659138,high
Article 294,0,0,0,0,0,0,0,0,0,0,0,0,0,0,0.009632141,0.01005727,0,0,0,0,0,0,0,0,0,0,0,0.009950889,0,0,0,0,0,0,,,0.112869904,low
Article 295,0.008951486,0,0,0,0,0,0,0,0,0,0,0,0,0,0.01124529,0.024486422,0,0,0,0,0,0,0,0,0,0,0,0,0.007362853,0,0,0,0,0,,,0.060658318,low
Article 296,0,0,0,0,0,0,0,0,0,0,0,0,0,0,0,0.026960852,0,0,0,0,0,0,0,0,0.015647494,0,0.012352235,0.013454904,0.006359736,0,0,0,0,0,,,0.35520288,medium
Article 297,0,0,0.080997223,0,0.011782649,0,0,0,0,0,0,0,0,0,0,0.019250826,0,0,0,0,0,0,0,0,0,0,0,0.0190472,0,0,0,0,0,0,,,0.314114989,medium
Article 298,0,0.109251861,0,0.03114651,0,0,0,0,0,0,0,0,0,0,0,0,0,0,0.031798462,0,0,0,0,0,0,0,0.0321182,0,0.016536543,0,0,0,0,0,,,0.264430093,medium
Article 299,0,0,0,0,0.031610579,0,0,0,0,0,0,0,0,0,0.022696059,0.008886669,0,0,0,0,0,0,0,0,0,0.041132231,0,0.00879267,0,0,0,0,0,0,,,0.178219192,medium
Article 300,0,0,0,0,0,0,0,0,0,0,0,0,0,0,0,0.004260379,0,0,0,0,0,0,0,0,0,0,0,0.004215315,0,0,0,0,0,0,,,0.235681494,medium
Article 301,0,0,0,0,0,0.037562261,0,0,0,0,0,0,0,0,0.056500925,0.01474867,0,0,0,0,0,0,0,0,0,0,0,0.014592665,0,0,0,0,0.028347826,0,,,0.299520193,medium
Article 302,0,0,0,0,0.127854292,0,0,0,0,0,0,0,0,0,0,0.004970349,0,0,0,0,0,0,0,0,0,0,0,0.012682941,0,0,0,0,0,0,,,0.313919695,medium
Article 303,0,0,0,0,0.075467341,0,0,0,0,0,0,0,0,0,0,0.040832027,0,0,0,0,0,0,0,0,0,0,0.009333209,0.02541593,0.004805344,0,0,0,0,0,,,0.353121731,medium
Article 304,0,0,0,0.093429451,0,0,0,0,0,0,0,0,0,0,0,0.013027618,0,0,0,0,0,0.034505573,0,0,0,0,0,0,0.016627887,0,0,0,0,0,,,0.18366977,medium
Article 305,0,0,0,0,0,0,0,0,0,0,0.014002839,0,0,0,0,0.02885925,0,0,0,0,0.008338333,0,0,0,0.009559033,0,0,0.022928526,0,0,0,0,0.009105296,0,,,0.19686622,medium
Article 306,0,0,0,0,0,0,0,0,0,0,0,0,0,0,0,0,0,0,0,0,0,0,0,0,0,0,0,0,0,0,0,0,0,0,,2,2,high
Article 307,0,0,0,0,0,0,0,0,0,0,0,0,0,0.01836651,0,0.005857202,0,0,0.056185027,0,0,0,0,0,0,0,0.035468735,0.011895711,0.059426147,0,0,0,0,0,,,0.428771089,medium
Article 308,0,0,0,0,0,0,0,0,0,0,0,0,0,0,0,0,0,0,0,0.053931896,0.028692194,0,0,0,0,0,0,0,0,0,0,0,0,0,,,0.198201805,medium
Article 309,0,0.054389396,0,0.031011643,0.01077416,0,0,0,0,0,0,0,0,0,0,0,0,0,0.094982317,0,0,0,0,0,0,0,0,0,0,0,0,0,0.011807676,0,,8,8.450046613,high
Article 310,0,0,0,0,0,0,0,0,0,0,0,0,0,0,0,0.005129069,0,0,0,0,0,0,0,0,0,0,0,0,0,0,0,0,0,0,,,0.015396658,low
Article 311,0.023784946,0,0.06324497,0,0,0,0.022516016,0,0,0,0,0,0,0,0,0.025998826,0,0,0,0,0,0,0,0,0.011966294,0,0,0.025723822,0,0,0,0,0,0,,,0.321927951,medium
Article 312,0,0,0.003541372,0,0.004086813,0,0,0,0,0,0,0,0,0,0,0.011510726,0,0,0,0,0,0,0,0,0.007683112,0,0,0.001651631,0,0,0,0,0,0,,,0.115815965,low
Article 313,0,0.058019259,0,0.066162623,0,0,0,0,0,0,0,0,0,0,0,0,0,0,0.101321288,0,0,0,0,0,0,0,0.034113363,0,0.030135196,0,0,0,0,0,,1,1.336037314,high
Article 314,0,0,0,0,0.030214556,0,0,0,0,0,0,0,0,0,0,0.001761891,0,0,0,0.015520333,0.015330699,0,0,0,0,0,0,0.01275365,0,0,0,0,0,0,,,0.142383243,medium
Article 315,0,0,0,0.074376957,0,0,0,0,0,0,0,0,0,0,0,0,0,0,0,0,0,0,0,0,0,0,0,0,0,0,0,0,0,0,,3,3.074376957,high
Article 316,0,0,0,0,0.018266875,0,0.032308629,0,0.014312862,0,0,0,0,0,0,0.007461235,0,0,0.053678744,0,0,0,0,0,0,0,0,0.007382313,0.009990266,0,0.012014689,0,0.010009567,0,,,0.388657292,medium
Article 317,0,0,0,0,0,0,0,0,0,0,0,0,0,0,0.016241497,0.03391668,0,0,0,0,0,0,0,0,0,0,0,0.046804916,0.010634119,0,0,0,0,0,,,0.40846468,medium
Article 318,0.007172136,0,0.009979107,0,0,0,0,0,0,0,0,0,0,0,0,0.002351913,0,0,0,0,0,0,0,0,0,0,0,0.002327036,0,0,0,0,0,0,,,0.175840714,medium
Article 319,0,0,0,0,0,0,0,0,0,0,0,0,0,0,0,0.014967437,0,0,0,0,0,0,0,0,0,0,0,0.012489127,0,0,0,0,0.013309198,0,,,0.142957763,medium
Article 320,0,0,0,0.077655073,0,0,0,0,0,0,0,0,0,0,0,0.007218713,0,0,0,0,0,0,0,0,0,0,0,0,0.029510139,0,0,0,0.039422869,0,,2,2.224930453,high
Article 321,0,0,0,0,0,0,0,0,0.038722682,0.03114605,0,0,0,0,0,0,0,0,0,0,0,0,0,0,0,0,0,0,0,0,0,0,0,0,,,0.181485977,medium
Article 322,0,0.035210976,0,0,0,0,0,0,0.043721942,0,0.019208868,0,0,0,0,0.002849008,0,0,0,0,0,0,0,0,0,0,0,0.002818873,0,0,0.036701643,0,0.015288267,0,,1,1.276258661,high
Article 323,0,0,0,0,0,0,0,0,0,0,0,0,0,0,0,0.002222467,0,0,0,0,0,0,0,0,0,0,0,0.002198959,0.011149194,0,0,0,0,0,,,0.0223382,low
Article 324,0,0,0,0,0.057896848,0,0,0,0,0,0,0,0,0,0.04156932,0.010851011,0,0,0,0.047792774,0.04720882,0,0,0,0,0.025112126,0,0.010736234,0,0,0,0,0.011893134,0,,,0.380695933,medium
Article 325,0,0,0,0.039967321,0,0,0,0,0,0,0,0,0,0,0,0,0,0,0,0,0,0,0,0,0,0,0,0,0,0,0,0,0,0,,,0.214977028,medium
Article 326,0,0.096614336,0,0.16526214,0,0,0,0,0,0,0,0,0,0,0,0,0,0,0.112480915,0,0,0,0,0,0,0,0,0,0,0,0,0,0.020974508,0,,13,13.3953319,high
Article 327,0,0,0,0.066065283,0,0,0,0,0,0,0,0,0,0,0,0,0,0,0.033724074,0,0,0,0,0,0,0,0,0,0,0,0,0,0,0,,,0.099789357,low
Article 328,0,0,0,0.026806288,0.009313123,0,0,0,0.01247246,0.010032049,0,0.329442477,0,0,0,0,0,0.010217732,0.013683696,0,0,0,0,0,0,0,0.006910644,0,0.00355805,0,0,0,0,0.028074697,,,0.489232672,medium
Article 329,0,0,0,0,0.063289391,0,0,0,0.017353741,0,0,0,0,0,0,0.006706114,0,0,0,0.019922296,0.037838992,0,0,0,0,0,0,0.002237686,0,0,0.014567304,0,0.009915245,0,,,0.320429546,medium
Article 330,0,0,0,0,0,0,0,0,0,0,0.028436284,0,0,0,0.064629005,0.020941185,0.031626778,0,0,0,0,0.065859188,0,0,0,0,0,0.012518946,0,0,0,0,0,0,,,0.686771755,medium
Article 331,0,0,0,0,0,0,0,0,0,0,0,0,0,0,0,0,0,0,0,0,0,0,0,0,0,0,0,0,0,0,0,0,0,0,,2,2,high
Article 332,0,0,0,0.065268404,0.022675748,0,0,0,0,0,0,0,0,0,0,0,0,0,0,0,0,0.352459095,0,0,0,0,0,0,0,0,0,0,0,0,,,0.463233254,medium
Article 333,0.008520154,0,0.023709403,0,0,0,0,0,0.021438579,0,0,0,0,0.02628318,0,0.013872564,0,0,0,0,0,0,0,0,0,0,0.020302848,0.008293221,0.010453229,0,0.017996252,0,0,0,,,0.215066698,medium
Article 334,0,0,0,0,0,0,0,0,0,0,0,0,0,0,0,0,0,0,0,0,0,0,0,0,0,0,0,0,0,0,0,0,0,0,,2,2,high
Article 335,0.008373805,0,0,0,0,0,0,0.025833044,0,0,0,0,0,0,0.010519579,0.05453711,0,0,0,0,0,0,0.036981542,0,0,0,0,0.04976317,0,0,0,0,0,0,,,0.42227355,medium
Article 336,0,0.053527202,0,0.122080155,0,0,0,0,0,0,0,0,0,0,0,0,0,0,0,0,0,0.022543458,0,0,0,0,0.015736092,0,0.008101966,0,0,0,0,0,4.9,,5.210160747,high
Article 337,0,0,0,0,0,0,0,0,0,0,0,0,0,0,0,0.011955756,0,0,0,0,0,0,0,0,0,0,0,0.002399259,0,0,0,0,0.01063118,0,,,0.051449481,low
Article 338,0,0,0,0,0,0,0,0,0,0,0,0,0,0,0,0,0,0,0,0,0,0,0,0,0,0,0,0,0,0,0,0,0,0,,2,2,high
Article 339,0,0,0,0,0,0,0,0,0,0,0,0,0,0,0,0,0,0,0.184055622,0,0,0,0,0,0,0,0.023238291,0,0.028007219,0,0,0,0.017160583,0,,,0.252461715,medium
Article 340,0,0,0.004982712,0,0.116348031,0,0,0,0,0,0,0,0,0,0.00899763,0.005871722,0,0,0,0.155170346,0.167012214,0,0,0,0,0,0,0.005809613,0,0,0,0,0.00902864,0,,,0.523860194,medium
Article 341,0,0,0,0.084340586,0,0,0,0,0,0,0,0,0,0,0,0.005984277,0,0,0.043052993,0,0,0.031148853,0,0,0,0,0,0.005920978,0.030020636,0,0,0,0,0,,,0.248192099,medium
Article 342,0,0,0,0.024803427,0,0,0,0,0,0,0,0,0,0,0.013484023,0,0,0,0.050645214,0,0,0,0,0,0,0,0,0.010997923,0.009425689,0,0.032247442,0,0.009443899,0,,13,13.25740791,high
Article 343,0,0,0.00705552,0,0,0,0,0.019623765,0,0,0.0358498,0,0,0,0,0.049191667,0,0,0,0,0,0,0,0,0,0,0,0.020263297,0,0,0,0,0,0,,,0.287253973,medium
Article 344,0.011581433,0,0,0.053525413,0,0,0,0,0.029141431,0,0,0,0,0.035726691,0,0,0,0,0,0,0,0,0,0,0,0,0,0,0,0,0.024462281,0,0.010189895,0,,7,7.191113138,high
Article 345,0,0,0,0,0,0,0,0,0,0,0,0,0,0,0,0.002002772,0,0,0,0,0,0,0,0,0,0,0,0.001981588,0,0,0,0,0,0,,,0.057860865,low
Article 346,0,0,0.003534723,0,0.069929682,0,0,0,0.006392354,0,0,0,0,0,0,0.004998461,0,0,0,0.102738952,0.074726094,0,0,0,0,0.007711846,0,0.00494559,0.004461813,0,0.005365953,0,0,0,,,0.366338614,medium
Article 347,0,0,0,0,0.011999487,0,0,0,0,0,0,0,0,0,0,0.03024517,0,0,0.01763075,0,0,0,0,0,0,0,0.008904015,0.009698865,0.004584367,0,0,0,0,0,,,0.217636863,medium
Article 348,0,0,0,0,0,0,0,0,0,0,0,0,0,0,0,0.00161919,0,0.004349211,0,0,0,0,0,0,0,0,0,0.001602063,0,0,0,0,0,0,,,0.057669847,low
Article 349,0,0,0.004684469,0,0.023563224,0,0,0,0,0,0,0,0,0,0.025377216,0.013248639,0,0,0,0.019451004,0.036561495,0,0,0,0,0,0,0.0131085,0,0,0,0,0.029042055,0,,,0.295333091,medium
Article 350,0.021492068,0,0,0.012807169,0,0,0,0,0,0,0,0,0,0,0,0.007143225,0,0,0,0,0,0,0,0,0,0,0,0,0,0,0,0,0,0,,,0.055742074,low
Article 351,0,0,0,0.02724282,0,0,0,0,0,0,0,0,0,0,0,0,0,0,0,0,0,0.020122758,0,0,0,0,0.014046363,0,0.017584679,0,0,0,0,0,,,0.07899662,low
Article 352,0,0,0,0.050070162,0,0,0,0,0,0,0,0,0,0,0,0,0,0,0.05111822,0,0,0,0,0,0,0,0,0,0.038054885,0,0,0,0,0,,25,25.13924327,high
Article 353,0,0,0,0.124094204,0,0,0,0,0,0,0,0,0,0,0,0,0,0,0.084461145,0,0,0,0,0,0,0,0,0,0,0,0,0,0,0,,,0.299119714,medium
Article 354,0,0,0,0,0,0,0,0,0,0,0.016515046,0,0,0,0,0.019339996,0,0,0,0,0,0,0,0,0,0,0,0.004847117,0,0,0,0,0,0,,,0.204106414,medium
Article 355,0,0,0,0,0.085276147,0,0,0,0,0,0,0,0,0,0.011742768,0.009195789,0,0,0,0.027001617,0.026671699,0,0,0,0,0,0,0.00909852,0,0,0,0,0,0,,,0.261119731,medium
Article 356,0,0,0,0,0,0,0,0,0,0,0,0,0,0,0,0,0,0,0,0,0.012014942,0,0,0,0,0,0,0,0,0,0,0,0,0,,,0.054174373,low
Article 357,0,0,0,0,0.053895248,0,0,0,0,0,0,0,0,0,0.015737538,0,0,0,0,0.108561881,0.107235424,0,0,0,0,0,0,0,0,0,0,0,0,0,,,0.343308153,medium
Article 358,0.009931688,0,0,0.022950428,0,0,0,0,0,0,0,0,0,0,0,0.028858134,0,0,0,0,0,0,0,0,0,0,0,0.003222387,0.008169097,0,0,0,0,0,,,0.418442606,medium
Article 359,0,0,0,0,0,0,0,0,0.011215441,0.009020984,0,0,0,0,0,0.001710315,0,0,0,0,0,0,0,0,0,0,0,0.001692224,0,0,0,0,0,0,,,0.028847,low
Article 360,0,0,0,0.013130856,0,0,0,0.010994914,0,0,0,0,0,0,0,0.007323762,0,0,0,0,0,0,0,0,0,0,0,0,0,0,0,0,0.009999141,0,,,0.056109691,low
Article 361,0,0,0,0,0,0,0,0,0,0,0,0,0,0,0.008436318,0.017387409,0,0,0,0,0,0.022925065,0,0,0,0,0,0.004357747,0,0,0,0,0,0,,,0.166861675,medium
Article 362,0,0,0,0,0.12636269,0,0,0,0,0,0,0,0,0,0.041305519,0.01078215,0,0,0,0.047489478,0.100086839,0,0,0,0,0,0,0.019090568,0,0,0,0,0,0,,,0.494747835,medium
Article 363,0,0,0,0,0,0,0,0,0,0,0,0,0,0,0,0,0,0,0,0,0,0,0,0,0,0,0,0,0,0,0,0,0,0,,,0.085180388,low
Article 364,0,0,0,0.048460388,0,0,0,0,0,0,0,0,0,0,0,0,0,0,0,0,0,0.205744421,0,0,0,0,0,0,0,0,0,0,0,0,,,0.254204809,medium
Article 365,0,0,0,0,0,0,0,0,0,0,0,0,0,0,0,0.019616087,0,0,0,0,0,0,0,0,0,0,0,0.013014555,0,0,0,0,0.017646239,0,,,0.172067808,medium
Article 366,0,0,0,0,0,0,0,0,0,0,0,0,0,0,0,0,0,0,0,0,0,0,0,0,0,0,0,0,0,0,0,0,0,0,,,0,low
Article 367,0,0,0,0,0,0,0,0,0,0,0.006705624,0,0,0,0,0.002983681,0,0,0,0,0,0,0,0,0,0,0,0.00605972,0,0,0,0,0,0,,,0.049585812,low
Article 368,0,0,0,0,0,0,0,0,0,0,0,0,0,0,0,0,0,0,0,0,0,0,0,0,0,0,0,0,0,0,0,0,0,0,,,0.047951548,low
Article 369,0,0,0,0.012041141,0,0,0,0,0.006555691,0,0,0,0,0,0,0.003357986,0,0,0,0,0.040274229,0.026682367,0,0,0,0,0,0,0,0,0.005503064,0,0.004584662,0,,,0.153387868,medium
Article 370,0,0,0,0,0,0,0,0,0,0,0,0,0,0,0,0.018518825,0,0,0,0,0,0,0.050230362,0,0,0,0,0.011070824,0.018710488,0,0,0,0,0,,,0.217684061,medium
Article 371,0,0,0,0,0.12211647,0,0,0,0,0,0,0,0,0,0.016654488,0.019563253,0,0,0,0.019147875,0.027641015,0,0,0,0,0.010061016,0,0.019356322,0,0,0,0,0,0,,,0.415606675,medium
Article 372,0,0,0.060520131,0,0,0,0,0,0,0,0,0,0,0,0,0.015655584,0,0,0,0,0,0,0,0,0,0,0,0.015489986,0,0,0,0,0,0,,,0.274246199,medium
Article 373,0,0,0,0,0,0,0,0,0,0,0,0,0,0,0,0,0,0,0,0,0,0,0,0,0,0,0,0,0,0,0,0,0,0,,,0.063472653,low
Article 374,0,0,0,0,0,0,0,0,0,0,0,0,0,0,0,0.00440225,0,0,0,0,0,0,0,0,0.020261924,0,0,0.004355685,0,0,0,0,0,0,,,0.259594252,medium
Article 375,0,0,0,0.017015983,0.01182349,0,0,0,0,0,0,0,0,0,0,0,0,0,0.052116474,0,0,0,0,0,0,0,0.017546838,0,0.028433272,0,0,0,0.006478832,0,,7,7.243636583,high
Article 376,0,0,0.003402219,0,0.042342394,0,0,0,0,0,0,0,0,0,0.006143623,0.011225867,0,0,0,0.028253606,0.027908391,0,0,0,0,0.01484551,0,0.021128926,0,0,0,0,0,0,,,0.200618303,medium
Article 377,0,0,0,0.017442377,0,0,0,0,0,0,0,0,0,0,0,0,0,0,0,0,0,0,0,0,0,0,0,0,0,0,0,0,0,0,,,0.04184681,low
Article 378,0,0,0,0.074858819,0,0,0,0,0,0,0,0,0,0,0,0,0,0,0.114638623,0,0,0,0,0,0,0,0.019298555,0,0.009936154,0,0,0,0,0,,,0.218732151,medium
Article 379,0,0,0,0,0,0,0,0,0,0.013067225,0,0,0,0,0,0.013489982,0,0,0,0.015050424,0.014866531,0,0,0,0.007863803,0,0,0.014057981,0.004285533,0,0,0,0.004584176,0,,,0.143401494,medium
Article 380,0.013566381,0,0.032716869,0,0,0,0,0,0,0,0,0,0,0,0,0.02224369,0,0,0,0,0,0,0,0,0,0,0,0.022008406,0,0,0,0,0,0,,,0.295208026,medium
Article 381,0,0,0,0.041148177,0,0,0.050570065,0,0,0,0,0,0,0,0,0,0,0,0,0,0,0,0,0,0,0,0,0,0,0,0,0,0.015667159,0,,,0.136171555,low
Article 382,0,0,0,0.015952906,0,0,0,0,0.014845172,0.011940507,0.03052692,0,0,0,0,0.004527671,0,0,0,0,0,0,0,0,0,0,0,0.00447978,0,0,0,0,0,0,,,0.096060059,low
Article 383,0,0,0,0,0,0,0,0.080417328,0,0,0,0,0,0,0.052210596,0.049497753,0,0,0,0,0,0,0,0,0,0,0,0.022474314,0,0,0,0,0,0,,,0.390747776,medium
Article 384,0,0,0,0,0,0,0,0,0,0,0,0,0,0,0,0,0,0,0,0,0,0,0,0,0,0,0,0,0,0,0,0,0,0,,,0.035785295,low
Article 385,0,0,0,0.076203118,0,0,0,0,0,0,0,0,0,0,0,0,0,0,0.019449546,0,0,0,0,0,0,0,0,0,0,0,0,0,0.01450716,0,,37,37.2089781,high
Article 386,0,0,0,0,0.054382155,0,0,0.074895982,0,0.024269537,0,0,0,0,0,0.047157055,0,0,0,0,0,0,0,0,0,0,0,0.021977821,0,0,0,0,0,0,,,0.362386888,medium
Article 387,0.010343463,0,0,0.023901969,0,0,0,0,0,0,0,0,0,0,0,0.030054613,0,0,0,0,0,0,0,0,0,0,0,0.003355989,0.008507794,0,0,0,0,0,,,0.435791533,medium
Article 388,0,0,0,0,0.006402572,0,0,0,0.037215828,0.013793636,0,0,0,0.024601329,0,0.025969727,0,0,0,0,0,0,0,0,0.012036683,0,0,0.015525082,0,0,0.016844678,0,0,0,,,0.331443419,medium
Article 389,0,0,0,0,0,0,0,0,0,0,0,0,0,0,0,0,0,0,0,0,0,0,0,0,0,0,0,0,0,0,0,0,0,0,,2,2,high
Article 390,0,0,0,0.11814868,0,0,0,0,0,0,0,0,0,0,0,0,0,0,0.040207248,0,0,0,0,0,0,0,0,0,0,0,0,0,0,0,,4,4.158355928,high
Article 391,0,0,0,0.101795288,0,0,0,0,0,0,0,0,0,0,0,0,0,0,0,0,0,0,0,0,0,0,0,0,0,0,0,0,0,0,,,0.101795288,low
Article 392,0,0,0,0,0,0,0,0,0,0,0,0,0,0,0,0.051132957,0,0,0,0,0.010945186,0,0,0,0,0,0,0.013486637,0,0,0,0,0,0,,,0.23016949,medium
Article 393,0,0,0,0,0,0,0,0,0,0,0,0,0,0,0,0,0,0,0,0,0,0,0,0,0,0,0,0,0,0,0,0,0,0,,2,2,high
Article 394,0,0,0,0,0,0,0,0,0,0,0,0,0,0,0,0,0,0,0,0.027076416,0.014404867,0.015999246,0,0,0,0,0,0.009604241,0,0.065018989,0,0,0,0,,,0.301578687,medium
Article 395,0,0,0,0.041012487,0,0,0,0,0.022328881,0,0,0,0,0,0,0,0,0,0,0,0,0,0,0,0,0,0,0,0,0,0.0187436,0,0,0,,,0.110776196,low
Article 396,0,0,0,0,0.008467359,0,0,0,0,0,0,0,0,0,0,0.030645504,0,0.018579633,0,0,0,0,0,0,0,0,0.075396707,0.00342197,0.038819138,0,0,0,0,0,,,0.489967936,medium
Article 397,0,0,0.024160074,0,0.013940599,0,0,0,0.074678953,0.060066976,0,0,0,0,0,0.008442119,0,0,0,0,0,0,0,0,0,0,0.062066303,0.002816953,0.031955777,0,0,0,0,0,,,0.417130216,medium
Article 398,0,0,0,0,0,0,0,0,0,0,0,0,0,0,0,0,0,0,0,0,0,0,0,0,0,0,0,0,0,0,0,0,0,0,,2,2,high
Article 399,0,0,0,0.010584824,0,0,0,0,0,0,0,0,0,0,0,0,0,0,0,0,0.036183555,0,0,0,0,0,0,0,0,0,0,0,0,0.022171345,,,0.068939724,low
Article 400,0,0,0,0,0,0,0,0,0,0,0,0,0,0,0,0.017744874,0,0,0,0,0,0,0,0,0,0,0,0.015270472,0,0,0,0,0,0,,,0.116515903,low
Article 401,0,0,0,0,0.005138137,0,0,0.012383569,0,0,0,0,0,0,0,0.010347461,0,0,0,0,0,0.01092402,0,0,0,0,0,0.002076509,0,0,0,0,0,0,,,0.143732991,medium
Article 402,0,0,0,0.052470599,0,0,0,0,0.014283574,0,0,0,0,0,0,0.034779197,0,0,0,0,0,0,0,0,0,0,0,0.003683604,0,0,0.011990104,0,0.019978169,0,,,0.378281322,medium
Article 403,0,0,0,0,0,0,0,0,0.00510436,0.004105621,0.005248184,0,0,0,0,0.008049987,0,0,0,0,0.012500639,0,0,0,0,0,0,0.001540326,0,0,0,0,0,0,,,0.052146728,low
Article 404,0,0,0.013438275,0,0,0,0,0,0,0,0,0,0,0,0,0.018782643,0,0,0,0,0.012715821,0,0,0,0.014577367,0,0.069044824,0.006267364,0.035548775,0,0,0,0.016995648,0,,,0.445977407,medium
Article 405,0,0,0,0,0,0,0,0,0,0,0,0,0,0,0.012589418,0.013145071,0,0,0,0,0,0,0,0,0.015125471,0,0.011940147,0.013006029,0.006147566,0,0,0,0,0,,,0.223910063,medium
Article 406,0,0,0,0,0,0,0,0,0,0,0,0,0,0,0,0,0,0,0,0,0.007085609,0,0,0,0,0,0,0,0,0,0,0,0,0,,,0.036879506,low
Article 407,0,0,0,0.037419452,0,0,0,0,0.008705282,0.007001972,0,0.344906671,0,0,0,0.002608847,0.009954804,0,0.009550677,0,0,0,0,0,0,0,0,0,0,0,0,0,0,0.019595025,,,0.608818277,medium
Article 408,0,0,0,0.012271528,0.004263412,0,0,0,0,0,0,0.113110476,0,0,0,0,0,0,0.025056787,0,0,0,0,0,0,0,0.012654368,0,0.006515293,0,0,0,0,0,,,0.200739273,medium
Article 409,0,0,0,0,0.00819273,0,0,0,0,0,0,0,0,0,0,0,0,0,0,0,0,0.154568608,0,0,0,0,0,0,0,0,0,0,0.025727761,0,,,0.238141663,medium
Article 410,0,0,0,0,0.007257422,0,0,0,0.011372988,0,0,0,0,0,0,0.008893037,0,0,0.085306174,0,0,0,0,0,0,0,0.032311477,0.00879897,0.047886272,0,0.009546862,0,0,0,,50,50.42169447,high
Article 411,0,0,0,0,0.003776244,0,0,0,0,0,0,0,0,0,0,0.004627301,0,0,0,0,0,0,0,0,0,0,0,0.004578356,0,0,0,0,0,0,,,0.045433161,low
Article 412,0.031417435,0,0,0,0.076404276,0,0,0,0.027469371,0,0,0,0,0,0,0.003579917,0,0,0,0.063070312,0.11855146,0,0,0,0,0,0,0.025913641,0,0,0.023058698,0,0,0,,,0.405332525,medium
Article 413,0,0,0,0.023789394,0,0,0,0,0,0,0,0,0,0,0,0,0,0,0,0,0,0,0,0,0,0,0,0,0,0,0,0,0,0,,,0.194528544,medium
Article 414,0,0,0,0.106040477,0,0,0,0,0,0,0,0,0,0,0,0,0,0,0,0,0,0,0,0,0,0,0,0,0,0,0,0,0,0,,17,17.10604048,high
Article 415,0,0,0,0.069554892,0,0,0,0,0,0,0,0,0,0,0,0.014547894,0,0,0.0177527,0,0,0,0,0,0,0,0.044828015,0,0.023080383,0,0,0,0.013241505,0,,,0.36125816,medium
Article 416,0,0,0,0,0,0,0,0,0,0,0,0,0,0,0,0.002765866,0,0,0,0,0,0.014396653,0,0,0,0,0,0.00273661,0,0,0,0,0,0.040825779,,,0.06914718,low
Article 417,0,0,0,0,0,0,0,0,0,0,0,0,0,0,0,0.010775564,0,0,0,0,0,0,0,0,0,0,0,0.00216242,0,0,0,0,0,0,,,0.058443121,low
Article 418,0,0,0,0.017687959,0,0,0,0,0.016459747,0.013239168,0,0.108690264,0,0,0,0.020938241,0,0,0,0,0,0,0,0,0,0,0,0,0.006295946,0,0,0,0,0,,,0.299489912,medium
Article 419,0,0.068916073,0,0.078588873,0.013651793,0,0,0,0,0,0,0,0,0,0,0,0,0,0,0,0,0,0,0,0,0,0,0,0,0,0,0,0,0,,,0.16115674,medium
Article 420,0,0,0,0.044574349,0,0,0,0,0,0,0,0,0,0,0,0,0,0,0.09101474,0,0,0,0,0,0,0,0.022982476,0,0.027698907,0,0,0,0.016971673,0,,,0.203242145,medium
Article 421,0,0,0,0,0,0,0,0,0,0,0,0,0,0,0,0.015226822,0,0,0,0,0,0,0,0,0.056459719,0,0,0.009102817,0,0,0,0,0,0,,,0.16637187,medium
Article 422,0,0,0,0,0,0,0,0,0,0,0.01264734,0,0,0,0,0.020503449,0,0,0,0,0.015062336,0,0,0,0,0,0,0.018853026,0,0,0,0,0,0,,,0.174137021,medium
Article 423,0,0,0,0,0,0,0,0,0,0,0,0,0,0,0,0,0,0,0,0,0,0,0,0,0,0,0,0,0,0,0,0,0,0,,2,2,high
Article 424,0,0,0,0.12194941,0,0,0,0,0,0,0,0,0,0,0,0,0,0,0.083001353,0,0,0,0,0,0,0,0,0,0,0,0,0,0,0,,,0.293949849,medium
Article 425,0,0,0,0.168011024,0,0,0,0,0,0,0,0,0,0,0,0,0,0,0.042881949,0,0,0,0,0,0,0,0.021656566,0,0.011150212,0,0,0,0,0,,3,3.243699751,high
Article 426,0,0.033993444,0,0.038764636,0.013467728,0,0.023820377,0,0,0,0,0,0,0,0,0.021621056,0,0.014775886,0.079152098,0,0,0,0,0,0,0,0.04996749,0,0.040457686,0,0,0,0.02213944,0,,13,13.43366252,high
Article 427,0,0,0,0,0.027611356,0,0,0,0.009927017,0,0,0,0,0,0.01982466,0.012937282,0,0,0,0.022792662,0.022514171,0,0,0,0,0.011976124,0,0.020885193,0,0,0.008333067,0,0,0,,,0.304465859,medium
Article 428,0,0.067243747,0,0.038340913,0,0,0,0,0,0,0,0,0,0,0,0,0,0,0.039143457,0,0,0,0,0,0,0,0,0,0,0,0,0,0,0,,16,16.45020459,high
Article 429,0,0,0,0,0.016022239,0,0,0,0,0,0,0,0,0,0.012535521,0.042196937,0,0.017578524,0,0,0,0,0,0,0,0,0,0.043111708,0,0,0,0,0,0,,,0.381641869,medium
Article 430,0,0,0,0,0.124862439,0,0,0,0.026934822,0,0,0,0,0,0.02689497,0.007020505,0,0,0,0,0,0,0,0,0,0.010831544,0,0.021570408,0,0,0.02260998,0,0,0,,,0.375692154,medium
Article 431,0,0,0,0.060301596,0,0,0,0,0,0,0,0,0,0,0,0,0.028503027,0,0,0,0,0.029694293,0,0,0,0,0,0,0,0,0,0,0,0,,,0.118498916,low
Article 432,0,0,0,0,0,0,0,0,0,0,0,0,0,0,0,0.014659309,0,0,0.03515474,0,0,0,0,0,0,0,0,0.02977239,0.026170895,0,0,0,0,0,,1,1.208563065,high
Article 433,0,0,0,0,0,0,0,0,0,0,0,0,0,0,0,0,0,0,0,0,0,0,0,0,0,0,0,0,0,0,0,0,0,0,,2,2,high
Article 434,0,0,0.002876,0,0.253076408,0,0,0,0,0,0,0,0,0,0,0.015375484,0,0,0,0.19106915,0.183057067,0,0,0,0.006239568,0.018824051,0,0.012495678,0,0,0,0,0,0.02001022,,,0.787826559,medium
Article 435,0.056085485,0,0.01300596,0,0,0,0,0,0,0,0,0,0,0,0,0.030546253,0,0,0,0,0,0,0,0,0.014108407,0,0.033411812,0.024262961,0.02489123,0,0,0,0,0,,,0.500276804,medium
Article 436,0,0,0,0,0,0,0,0,0,0,0,0,0,0,0,0.003238916,0,0,0.023301897,0,0,0,0,0,0,0,0,0.003204656,0.067740103,0,0,0,0,0,,226,226.2503975,high
Article 437,0,0,0,0.038875305,0.013506177,0,0,0,0,0,0,0,0,0,0,0,0,0,0,0,0,0,0,0,0,0,0.020044057,0,0.010319987,0,0,0,0,0,,,0.082745526,low
Article 438,0,0.083087631,0,0.047374749,0,0,0,0,0,0,0,0,0,0,0,0,0,0,0,0,0,0,0,0,0,0,0,0,0,0,0,0,0,0,,,0.13046238,low
Article 439,0,0,0,0,0,0,0,0,0,0,0,0,0,0,0,0.02089989,0,0,0,0,0,0,0,0,0,0,0,0.02067882,0.008737173,0,0,0,0.009346033,0,,,0.196181445,medium
Article 440,0,0,0,0,0,0,0,0,0.021633218,0.017400377,0,0,0,0,0,0,0,0,0,0,0,0.008585808,0,0,0,0,0,0,0,0,0,0,0,0,,,0.104596319,low
Article 441,0,0,0,0,0.012598703,0,0,0,0,0,0,0,0,0,0,0.00514603,0,0,0,0.045330897,0.024116395,0,0,0,0,0,0,0.005091597,0,0,0,0,0,0,,,0.251507053,medium
Article 442,0,0,0,0.073635677,0,0,0,0,0,0,0,0,0,0,0,0,0,0,0.037588502,0,0,0,0,0,0,0,0,0,0,0,0,0,0,0,,37,37.13698094,high
Article 443,0,0.037571557,0.006449339,0,0,0,0,0,0.019934951,0.0160344,0,0,0,0,0.058230102,0.039096909,0,0,0.021870891,0,0,0,0,0,0.013992032,0,0,0.015039264,0,0,0,0,0.008156604,0,,1,1.43028961,high
Article 444,0,0,0,0,0,0,0,0,0.020248323,0.016286457,0,0,0,0,0,0.009155927,0,0,0,0,0,0,0,0,0,0,0,0.003055136,0,0,0,0,0,0,,,0.305147807,medium
Article 445,0,0,0,0,0.172589774,0,0,0,0.010281584,0,0,0,0,0,0.010266371,0.029198804,0,0,0,0.118033773,0.105832246,0,0,0,0,0.024807758,0,0.013257634,0,0,0.008630701,0,0.011748985,0,,,0.614456508,medium
Article 446,0,0,0,0,0,0,0,0,0.008856392,0,0,0,0,0,0,0.061844768,0,0,0,0,0,0,0,0,0,0,0.008387216,0.034259743,0.004318285,0,0.007434348,0,0,0,,,0.441295921,medium
Article 447,0,0,0,0,0,0,0,0,0,0,0,0,0,0,0,0.003829811,0,0,0,0,0,0,0,0,0,0,0,0.0037893,0,0,0,0,0,0.056530209,,,0.102520432,low
Article 448,0,0,0.006144178,0,0,0,0,0,0,0,0,0,0,0,0,0.002896166,0,0,0,0,0,0,0,0,0,0,0,0.002865531,0,0,0,0,0.012697245,0,,,0.053619988,low
Article 449,0,0,0,0.069517383,0,0,0,0,0.018924058,0,0,0,0,0,0,0,0,0,0,0,0,0,0,0,0,0,0,0,0,0,0.01588548,0,0,0,,,0.104326921,low
Article 450,0,0,0,0.074315648,0,0,0,0,0.013486829,0,0,0,0,0,0,0,0,0,0,0,0,0,0,0,0,0,0,0,0,0,0.075734152,0,0.009431889,0,2.1,,2.272968517,high
Article 451,0,0,0,0.07499156,0,0,0,0,0,0,0,0,0,0,0,0,0,0,0.038280634,0,0,0,0,0,0,0,0.019332775,0,0.024202754,0,0,0,0,0,,,0.183038759,medium
Article 452,0,0,0,0,0,0,0,0,0,0.029877405,0,0,0,0,0.014965421,0.027073484,0,0,0,0,0,0,0,0,0.053940307,0,0,0.011595493,0,0,0,0,0,0,,,0.269635133,medium
Article 453,0,0,0,0,0,0,0,0,0,0,0,0,0,0,0,0,0,0,0,0,0,0,0,0,0,0,0,0.011712636,0,0,0,0,0,0,,,0.018380333,low
Article 454,0,0,0,0.103904424,0,0,0,0,0,0,0,0,0,0,0,0,0,0,0,0,0,0,0,0,0,0,0,0,0,0,0,0,0.013187195,0,,27,27.1413212,high
Article 455,0,0,0.004576498,0,0.002640684,0,0,0.006364387,0,0,0,0,0,0,0,0.004276886,0,0,0,0,0.004330461,0,0,0,0,0,0,0.005504603,0.00270546,0,0,0,0,0,,,0.240377214,medium
Article 456,0,0,0,0,0,0,0,0,0,0,0,0,0,0,0,0.002165775,0,0,0,0,0,0,0,0,0,0,0,0.00891004,0.005799756,0,0,0,0,0,,,0.182216167,medium
Article 457,0,0,0,0,0,0,0,0,0,0,0,0,0,0,0.028094558,0.022000915,0.027496643,0,0,0,0,0,0,0,0,0,0,0.021768199,0.01839491,0,0,0,0.009838391,0,,,0.271305116,medium
Article 458,0,0,0,0,0,0,0,0,0.008363484,0,0,0,0,0,0,0.004321915,0,0,0,0,0,0.028366897,0,0,0,0,0,0.002156866,0.008201833,0,0.007020585,0,0,0.016088471,,,0.089323558,low
Article 459,0.005904406,0,0.004107612,0,0,0,0,0,0.007428391,0,0,0,0,0,0.044504403,0.019227176,0,0,0,0,0,0,0,0,0,0,0.028139458,0.011494287,0.014488027,0,0.006235637,0.022671788,0,0,,24,24.32059906,high
Article 460,0,0,0,0,0,0,0,0,0,0,0,0,0,0,0,0.003872894,0,0,0,0,0,0,0,0,0,0,0,0.015933159,0,0,0,0,0.010391307,0,,,0.223140234,medium
Article 461,0,0,0.006654021,0,0.007678871,0,0,0,0.012033434,0,0,0,0,0,0.048062518,0.012436798,0,0,0,0.027629043,0.027291459,0,0,0,0,0,0,0.006206626,0,0,0.010101262,0,0,0,,,0.298903906,medium
Article 462,0,0,0,0,0,0,0,0.021018783,0,0,0,0,0,0,0,0.03537369,0,0,0,0,0,0,0,0,0.016395317,0,0,0.021146909,0,0,0,0,0,0,,,0.254289929,medium
Article 463,0,0,0.059078016,0,0,0,0,0,0.033043817,0,0,0,0,0.040510922,0,0.021382129,0,0,0,0,0,0,0,0,0,0,0,0.012782549,0,0,0.027738072,0,0,0,,,0.302079316,medium
Article 464,0,0,0.007542811,0,0,0,0,0,0.027281522,0,0,0,0,0,0,0.007110872,0,0.019100097,0,0,0,0,0,0,0,0,0,0.018144957,0,0,0.022901011,0,0,0,,,0.22291667,medium
Article 465,0,0,0,0,0,0,0,0,0,0,0,0,0,0,0,0,0,0,0,0,0,0,0,0,0,0,0,0,0,0,0,0,0,0,,2,2,high
Article 466,0,0,0.039079871,0,0.018039574,0,0,0,0,0,0,0,0,0,0,0.054878279,0,0,0,0,0,0,0,0,0,0,0,0.032807037,0,0,0,0,0,0,,,0.392027861,medium
Article 467,0,0,0.004687718,0,0.010819436,0,0,0,0,0,0,0,0,0,0,0.004419276,0,0,0,0,0,0,0,0,0,0,0,0.004372531,0,0,0,0,0,0,,,0.053165975,low
Article 468,0,0,0,0,0,0,0,0,0,0,0,0,0,0,0,0.03653005,0,0,0,0,0,0,0,0,0,0,0.010320231,0.01405188,0.005313527,0,0,0,0,0,,,0.202110911,medium
Article 469,0,0,0,0,0,0,0,0,0,0,0,0,0,0,0,0.017090039,0,0,0,0,0,0.014999951,0,0,0,0,0,0.005702578,0,0,0,0,0.025268274,0,,,0.113537036,low
Article 470,0,0,0,0,0,0,0,0,0,0,0,0,0,0,0,0.001817317,0,0,0.013074419,0,0,0,0,0,0,0,0,0.001798095,0,0,0,0,0,0,,300,300.0972429,high
Article 471,0,0,0,0,0,0,0,0,0,0,0,0,0,0,0,0,0,0,0,0,0,0,0,0,0,0,0,0,0,0,0,0,0,0,,424,424,high
Article 472,0,0,0,0,0.12776506,0,0,0,0,0,0,0,0,0,0.006739496,0.01055543,0,0,0,0.077484836,0.055348763,0,0,0,0,0.016285382,0,0.01044378,0,0,0,0,0.007712777,0,,,0.418091043,medium
Article 473,0,0,0.005076433,0,0,0,0,0,0.109839015,0.088347481,0,0,0,0,0,0.033167,0,0,0,0,0.028821114,0,0,0,0,0,0,0.021682066,0,0,0,0,0,0,,,0.401681742,medium
Article 474,0,0,0,0,0,0,0,0,0,0,0,0,0,0,0,0,0,0,0,0,0,0,0,0,0,0,0,0,0,0,0,0,0,0,,2,2,high
Article 475,0.026375137,0,0.045872026,0,0,0,0,0,0.01659141,0,0,0,0,0,0,0.034295119,0,0,0,0,0,0,0,0,0.019904143,0,0,0.017115094,0,0,0.013927378,0,0,0,,,0.385054694,medium
Article 476,0,0,0,0.094150183,0,0,0,0,0.010251845,0,0,0,0,0,0,0.005251246,0,0,0.115345098,0,0,0,0,0,0,0,0,0,0,0,0.008605737,0,0.021508597,0,,,0.35783577,medium
Article 477,0,0,0,0.170465757,0,0,0,0,0,0,0,0,0,0,0,0,0,0,0.043508478,0,0,0,0,0,0,0,0.043945962,0,0.055016068,0,0,0,0,0,,,0.312936264,medium
Article 478,0,0,0,0.018307431,0,0,0,0,0.009967316,0,0,0,0,0,0,0.007703464,0,0,0.018690638,0,0,0,0,0,0,0,0,0.00257048,0.006516444,0,0.008366895,0,0.00697055,0,,1,1.097224618,high
Article 479,0,0,0.010222483,0,0.005898472,0,0,0,0.0092434,0,0,0,0,0.022664371,0,0.011962515,0,0,0,0,0,0,0,0,0,0,0.008753722,0.014679371,0.004506986,0,0.007759216,0,0,0,,,0.225513495,medium
Article 480,0,0,0,0,0,0,0,0,0,0,0,0,0,0,0,0.011200518,0,0,0,0,0,0,0,0,0,0,0.00813907,0.011082043,0.004190524,0,0,0,0,0,,,0.139947757,low
Article 481,0,0,0,0,0,0,0,0,0,0,0,0,0,0,0,0.009341645,0,0,0,0,0,0,0,0,0,0,0.022627617,0.009242833,0.028327575,0,0,0,0,0,,,0.119701858,low
Article 482,0.011072643,0,0.007703082,0,0,0,0,0,0,0,0,0,0,0,0,0.02892149,0,0,0,0,0,0,0,0,0,0,0,0.021555453,0,0,0,0,0,0,,,0.209422437,medium
Article 483,0,0,0,0,0,0,0,0,0,0,0,0,0,0,0,0,0,0,0,0,0,0,0,0,0,0,0,0,0,0,0,0,0,0,,424,424,high
Article 484,0,0.02972205,0,0,0.035326384,0,0,0,0.040766787,0.098940681,0,0,0,0.022623097,0,0.014429313,0,0.04237865,0.017301591,0,0,0,0,0,0,0,0.01747556,0.014276686,0.008997557,0,0.007745086,0,0.019357542,0,12.6,,13.15037611,high
Article 485,0,0,0,0,0,0,0,0,0.012831568,0,0,0,0,0,0,0.008244904,0,0,0,0,0,0.00870431,0,0,0,0,0,0.001654572,0.008389038,0,0.010771242,0.039162529,0,0.049367061,,,0.157374781,medium
Article 486,0,0,0,0,0,0,0,0,0,0,0,0,0,0,0,0.004098056,0,0,0,0,0,0,0,0,0,0,0,0.004054709,0,0,0,0,0,0,,,0.06274585,low
Article 487,0,0,0,0.040321916,0,0,0,0,0,0,0,0,0,0,0,0.011244816,0,0,0.041165926,0,0,0,0,0,0,0,0.020789928,0,0.026026967,0,0,0,0.015352561,0,,,0.205620591,medium
Article 488,0,0,0,0.03731592,0,0,0,0,0,0,0,0,0,0,0,0,0,0,0.038097009,0,0,0,0,0,0,0,0,0,0,0,0,0,0,0,,37,37.10151814,high
Article 489,0,0,0,0,0,0,0,0,0,0,0,0,0,0,0,0.015509791,0,0,0,0,0.012357412,0.016373995,0,0,0,0,0,0.003112476,0.015780926,0,0,0,0.006895732,0,,,0.159206305,medium
Article 490,0,0,0,0,0.040301021,0,0,0,0,0,0,0,0,0,0,0.015145419,0,0,0,0.054119239,0.053457986,0,0,0,0,0,0,0.012637638,0,0,0,0,0,0,,,0.443256754,medium
Article 491,0,0,0,0,0,0,0,0,0,0,0,0,0,0,0,0,0,0,0,0,0,0,0,0,0,0,0,0,0,0,0,0,0,0,,2,2,high
Article 492,0,0,0,0,0,0,0,0,0,0,0,0,0,0,0,0.005048519,0,0,0,0,0,0,0,0,0,0,0,0.004995118,0,0,0,0,0,0,,,0.078585188,low
Article 493,0,0,0,0,0,0,0,0,0,0,0,0,0,0,0,0,0,0,0,0,0,0,0,0,0,0,0,0,0,0,0,0,0,0,,2,2,high
Article 494,0,0,0,0,0,0,0,0,0,0,0,0,0,0,0,0,0,0,0,0,0,0,0,0,0,0,0,0,0,0,0,0,0,0,,2,2,high
Article 495,0,0,0,0,0,0,0,0,0,0,0,0,0,0,0,0.022220582,0,0,0,0,0,0,0,0,0,0,0,0.028599192,0,0,0,0,0,0,,,0.146075788,medium
Article 496,0,0,0,0,0.007362966,0,0,0,0,0,0,0,0,0,0.011521313,0.006014912,0,0,0.086546773,0,0,0,0,0,0,0,0,0.005951289,0.039758389,0,0,0,0,0,,1,1.274193446,high
Article 497,0,0,0,0,0.099312011,0,0,0,0.004342756,0,0,0.012253707,0,0,0.008672661,0.009814828,0,0.009121235,0.004071752,0.169508154,0.166849008,0,0,0,0.002604927,0.007858763,0,0.005039807,0,0,0.003645453,0,0.006832555,0,,,0.614691247,medium
Article 498,0,0,0.003950561,0,0.294518595,0,0,0,0.014288746,0.014242132,0,0,0,0,0,0.00924602,0,0,0,0.082018228,0.066063393,0,0,0,0,0,0,0.005527406,0,0,0.011994445,0,0,0,,,0.565146784,medium
Article 499,0,0,0,0,0.028950993,0,0,0,0,0,0,0,0,0,0,0.006903722,0,0,0,0.060814245,0.060071189,0,0,0,0,0,0,0.006830698,0,0,0,0,0,0,,,0.184593203,medium
Article 500,0,0,0,0,0,0,0,0,0,0,0,0,0,0,0,0.060349119,0,0.015489459,0,0,0,0,0,0,0.039812617,0,0.02095223,0.048498042,0.010787573,0,0,0,0,0,,,0.796537046,medium
Article 501,0,0,0,0.017498187,0,0,0,0,0.032566304,0.026194253,0,0,0,0,0,0.007362948,0,0,0,0,0,0,0,0,0.011428891,0,0,0.002456857,0,0,0,0,0.006662431,0,,,0.168375598,medium
Article 502,0,0,0,0,0,0,0,0,0.021846779,0.017572153,0,0,0,0,0,0.003273582,0,0,0,0,0.013375756,0.017341132,0,0,0,0,0,0,0,0,0,0,0,0,,,0.103196824,low
Article 503,0,0,0,0.066789499,0,0,0,0,0,0,0,0,0,0,0,0.018625991,0,0,0.136375045,0,0,0,0,0,0,0,0,0,0.012690526,0,0,0,0.012715043,0,,,0.284482405,medium
Article 504,0,0,0.004289908,0,0.060448565,0,0,0,0,0,0,0,0,0,0.007746586,0.004044247,0,0,0,0.053438089,0.052785159,0,0,0,0,0.056156775,0,0.004001468,0,0,0,0,0.017730612,0,,,0.453008238,medium
Article 505,0,0,0,0.127110749,0,0,0,0,0,0,0,0,0,0,0,0,0,0,0,0,0,0.117362063,0,0,0,0,0.016384534,0,0.008435826,0,0,0,0,0,,32,32.26929317,high
Article 506,0,0,0.004423373,0,0,0,0.090286134,0,0.007999429,0,0,0,0,0.019614214,0.04792556,0.043422897,0,0,0,0,0,0.032558534,0,0,0.028789918,0,0.022726953,0.022692779,0.011701316,0,0.006714985,0,0,0,,,0.923641571,high
Article 507,0,0,0,0,0.2041172,0,0,0,0.003963848,0,0.027863735,0,0,0,0,0.002066337,0,0,0,0.036404349,0.052193878,0,0,0,0,0,0,0.002044481,0,0,0.003327385,0,0.004529574,0,,,0.443677218,medium
Article 508,0,0,0,0,0,0,0,0,0.01476476,0.011875829,0,0,0,0,0,0.002251573,0,0,0,0,0,0,0,0,0,0,0,0.002227757,0,0,0,0,0,0,,,0.064778344,low
Article 509,0,0,0,0,0.007506628,0,0,0,0.011763515,0,0,0,0,0,0,0.048311197,0,0,0,0,0,0,0,0,0.028224568,0,0.055701655,0.025228279,0.053311368,0,0.009874684,0,0,0,,,0.513287155,medium
Article 510,0,0,0,0,0,0,0,0,0,0,0,0,0,0,0,0,0,0,0,0,0,0,0,0,0,0,0,0,0,0,0,0,0,0,,2,2,high
Article 511,0,0,0,0,0,0,0,0,0.014188338,0,0,0,0,0,0,0,0,0,0,0,0.004949209,0,0,0,0,0,0.013436696,0,0.006918087,0,0.01191016,0,0,0,,,0.063616177,low
Article 512,0.01165294,0,0,0.026927948,0,0,0,0,0,0,0,0,0,0,0,0,0,0,0.027491598,0,0,0.134216029,0,0,0,0,0,0,0.030050957,0,0,0,0.01025281,0,,34,34.25180363,high
Article 513,0,0,0,0,0,0,0,0,0,0,0,0,0,0,0,0,0,0,0,0,0,0,0,0,0.005987397,0,0,0.004064677,0,0,0,0,0.011406389,0,,,0.080093036,low
Article 514,0,0,0.012530118,0,0,0,0,0,0,0,0,0,0,0,0,0,0,0,0,0,0,0,0,0,0,0,0,0,0,0,0,0,0,0,,,0.012530118,low
Article 515,0,0,0,0.077390151,0,0,0,0,0,0,0,0,0,0,0,0.010791129,0,0.033632595,0,0,0,0,0,0,0,0,0,0,0,0,0,0,0.014733141,0,,,0.15814916,medium
Article 516,0,0,0.003721159,0.012360408,0,0,0,0,0.020188539,0.01341512,0,0,0,0,0,0.006894043,0,0,0,0,0,0.257862218,0,0,0,0,0,0.005480646,0,0,0.016946927,0,0,0,,,0.462649498,medium
Article 517,0,0,0,0.031460272,0,0,0,0,0,0,0,0,0,0,0,0,0,0,0.064237584,0,0,0,0,0,0,0,0.016220876,0,0.008351564,0,0,0,0.023956983,0,,1,1.144227279,high
Article 518,0,0,0,0,0,0,0,0,0,0,0,0,0,0,0,0.03252013,0,0,0,0,0,0,0,0,0.015125735,0,0,0.023274695,0,0,0,0,0,0,,,0.266541056,medium
Article 519,0,0,0.006477886,0,0.007475607,0,0,0,0,0,0,0,0,0,0,0.036216501,0,0,0,0,0,0,0,0,0,0,0,0.012084667,0,0,0,0,0,0,,,0.211380777,medium
Article 520,0,0,0,0,0,0,0,0,0,0,0,0,0,0,0,0.002918682,0,0,0,0,0,0,0,0,0,0,0,0.00288781,0,0,0,0,0,0,,,0.104676711,low
Article 521,0,0,0,0.069542309,0,0,0,0,0,0,0,0,0,0,0,0,0,0,0,0,0,0,0,0,0,0,0,0,0,0,0,0,0.026478219,0,,,0.096020528,low
Article 522,0,0,0,0,0,0,0,0,0,0,0,0,0,0,0,0.006222135,0,0,0,0,0,0,0,0,0,0,0,0.00615632,0,0,0,0,0.033389044,0,,,0.194893637,medium
Article 523,0,0,0,0,0,0,0,0,0,0,0,0,0,0,0,0,0,0,0,0,0,0,0,0,0,0,0,0,0,0,0,0,0,0,,2,2,high
Article 524,0,0,0,0,0,0,0,0,0,0,0,0,0,0,0,0.016285919,0,0,0,0,0,0,0,0,0,0,0.035503425,0.016113654,0.026449446,0,0,0,0,0,,,0.189375418,medium
Article 525,0,0,0,0,0.175109762,0,0,0,0,0,0,0,0,0,0,0.009845707,0,0,0,0,0,0,0,0,0,0,0,0.030250803,0,0,0,0,0,0,,,0.42629943,medium
Article 526,0,0,0,0,0.079898423,0,0,0,0.014362805,0,0,0,0,0,0.057366217,0.018718176,0,0,0,0.065954666,0.09456095,0,0,0,0,0,0,0.018520183,0,0,0.012056613,0,0,0,,,0.470652421,medium
Article 527,0,0,0,0,0.22185554,0,0,0,0.008302568,0,0,0,0,0,0.008290284,0.033049646,0,0,0,0.133440217,0.140123418,0,0,0,0,0,0,0.00642347,0,0,0.00696945,0,0,0,,,0.655618581,medium
Article 528,0,0,0,0,0,0,0,0,0,0,0,0,0,0,0,0.003119717,0,0,0,0,0,0,0,0,0,0,0,0.003086718,0,0,0,0,0,0,,,0.037463073,low
Article 529,0,0,0,0,0.052233658,0,0,0,0.009892095,0.01949388,0,0,0,0,0.005778973,0.02678566,0,0,0,0.053153265,0.04644735,0,0,0,0,0.006982183,0,0.020110657,0,0,0,0,0,0,,,0.431414475,medium
Article 530,0,0.03054568,0,0,0,0,0,0,0,0.009451312,0.021652789,0,0,0,0,0.003707291,0,0,0.017781037,0,0,0,0.01664274,0,0,0,0.004489957,0.003668077,0.002311722,0,0.01132176,0,0.019893961,0,,300,300.2688871,high
Article 531,0,0,0,0.023153638,0,0,0,0,0,0,0,0,0,0,0,0,0,0,0,0,0,0,0,0,0,0,0,0,0,0,0,0,0.008815743,0,,,0.087437794,low
Article 532,0,0,0,0.139227026,0,0,0,0,0,0,0,0,0,0,0,0,0,0,0,0,0,0,0,0,0,0,0,0,0,0,0,0,0,0,,2,2.139227026,high
Article 533,0,0,0,0,0,0,0,0.122113171,0,0,0,0,0,0,0,0.003245059,0,0,0.023346093,0,0,0,0,0,0,0,0,0.003210734,0,0,0,0,0.008706771,0,,,0.265831468,medium
Article 534,0,0,0.003578082,0.011885154,0.004129177,0,0,0,0.019412297,0,0,0,0,0,0,0.040008611,0,0,0.012133932,0,0,0,0,0,0,0,0.00612797,0.013350012,0.003155078,0,0.016295324,0,0,0,145.6,,145.8810253,high
Article 535,0,0,0,0.070157671,0,0,0,0,0,0,0,0,0,0,0,0,0,0,0,0,0,0,0,0,0,0,0.018086602,0,0.009312161,0,0,0,0,0,,,0.097556435,low
Article 536,0,0,0,0,0,0,0,0,0,0,0,0,0,0,0,0.001547353,0,0,0,0,0,0,0,0,0.00712189,0,0,0.01120069,0,0,0,0,0,0,,,0.024581737,low
Article 537,0,0,0.01353009,0,0.011710492,0,0,0,0,0,0,0,0,0,0,0.010994408,0,0,0,0,0,0,0,0,0,0,0,0.001577546,0,0,0,0,0,0,,,0.194917792,medium
Article 538,0,0,0,0,0.030890861,0,0,0,0,0,0,0,0,0,0.012084236,0.006308796,0,0,0,0,0.050384853,0,0,0,0,0.007300116,0,0.006242064,0,0,0,0,0,0,,,0.163675195,medium
Article 539,0,0,0,0,0,0,0,0,0,0,0,0,0,0,0,0.028887769,0,0,0,0,0,0,0,0,0,0,0,0.01726953,0.014593373,0,0,0,0,0,,,0.246619948,medium
Article 540,0,0,0,0.125728716,0,0,0,0,0,0,0,0,0,0,0,0,0,0,0,0,0,0.023217205,0,0,0,0,0.016206391,0,0.008344106,0,0,0,0,0,,,0.217474626,medium
Article 541,0.006007123,0,0,0.013881432,0,0,0,0,0,0,0,0,0,0,0,0.0293425,0,0,0,0,0,0,0,0,0,0,0.007157248,0.017541375,0.003685018,0,0,0,0.005285352,0,,,0.324989355,medium
Article 542,0,0,0,0,0.00661363,0,0,0,0,0,0,0,0,0,0,0.005402769,0,0,0.077738831,0,0,0,0,0,0,0,0.049075316,0.013786356,0.060979313,0,0,0,0,0,,47,47.37005947,high
Article 543,0,0,0.002974365,0,0.190506992,0,0,0,0,0,0,0,0,0,0.005371018,0.004206057,0,0.008587237,0,0.049401016,0.048797412,0,0,0,0,0.006489289,0,0.00854231,0,0,0,0,0.006146671,0.062083819,,,0.4452223,medium
Article 544,0,0,0,0,0,0,0,0,0,0,0,0,0,0,0,0.014022015,0,0,0,0,0,0,0,0,0,0,0,0.019454637,0,0,0,0,0,0,,,0.144094052,medium
Article 545,0,0,0,0,0,0,0,0,0,0,0,0,0,0,0,0,0,0,0,0,0,0,0,0,0,0,0,0,0,0,0,0,0,0,,,0,low
Article 546,0,0,0,0.022987328,0,0,0,0,0,0,0,0,0,0,0,0,0,0,0.093873974,0,0,0,0,0,0,0,0.011852236,0,0.006102304,0,0,0,0.035009679,0,,3,3.201988149,high
Article 547,0,0,0.001249441,0,0.097838531,0,0,0,0.004519093,0,0,0,0,0,0.004512407,0.00294473,0,0,0,0.332030149,0.219000424,0.003065532,0,0,0,0.002725956,0,0.004753801,0,0,0.003793476,0,0.002582032,0.008693183,,,0.717707721,medium
Article 548,0,0,0.011904209,0,0.003434423,0,0,0.029751947,0,0,0.030243236,0,0,0,0,0.046914533,0,0,0,0,0,0,0,0,0,0,0,0.002775952,0,0,0,0,0,0,,,0.251216361,medium
Article 549,0.007210584,0,0.005016301,0,0.040549027,0,0,0,0,0,0,0,0,0,0,0.014104836,0,0,0,0.041657697,0.059725742,0,0,0,0,0.054721312,0,0.009358042,0,0,0,0,0,0,,,0.409304656,medium
Article 550,0,0,0.030630499,0,0.007914023,0,0,0,0.021197473,0.017049892,0,0,0,0,0,0.028755345,0,0,0,0,0,0,0,0,0,0,0,0.00959504,0,0,0,0,0,0,,,0.301449676,medium
Article 551,0,0,0,0.087590473,0,0,0,0,0,0,0,0,0,0,0,0,0,0,0,0,0,0,0,0,0,0,0,0,0,0,0,0,0,0,,,0.087590473,low
Article 552,0,0,0,0,0.024686806,0,0,0,0,0,0,0,0,0,0,0.018426664,0,0,0,0.040757001,0.03097103,0,0,0,0,0.021415265,0,0.013733563,0,0,0,0,0,0,,,0.302276277,medium
Article 553,0,0,0,0,0,0,0,0,0.015950468,0,0,0,0,0,0,0.024510661,0,0,0,0,0,0.210943936,0,0,0,0,0,0.012990372,0.010428116,0,0.01338935,0,0,0,,,0.501381821,medium
Article 554,0,0,0,0,0.16131762,0,0,0,0.020687614,0,0,0,0,0,0,0.058460725,0,0,0,0.118748101,0.138479228,0,0,0,0,0.024957892,0,0.021762066,0,0,0.017365867,0,0,0,,,0.654064042,medium
Article 555,0,0,0,0,0.007499642,0,0,0,0,0,0.010326784,0,0,0,0,0,0,0,0,0,0.009224004,0.071751313,0,0,0,0,0,0,0,0,0,0,0.003357477,0,,,0.117334591,low
Article 556,0,0,0,0,0,0,0,0,0.011266438,0,0,0,0,0,0,0.008707519,0,0,0,0,0,0,0,0,0,0,0,0.002905512,0,0,0.009457421,0,0,0,,,0.073311129,low
Article 557,0.019326481,0,0,0.022330092,0,0,0,0,0,0,0,0,0,0.059618807,0,0.021961073,0,0,0,0,0,0,0,0,0,0,0.0345401,0.009405863,0.017783494,0,0,0,0,0,,,0.435419907,medium
Article 558,0,0,0,0,0,0,0,0,0.015713498,0.012638933,0,0,0,0,0,0.014294117,0,0,0,0,0,0,0,0,0,0,0,0.009483623,0.006010502,0,0,0,0.025717402,0,,,0.122472045,low
Article 559,0,0,0,0,0,0,0,0,0,0,0,0,0,0,0,0.003331432,0,0,0,0,0,0,0,0,0,0,0.012104245,0.003296194,0.015153337,0,0,0,0,0,,1,1.113729772,high
Article 560,0,0,0,0.148563968,0,0,0,0,0,0,0,0,0,0,0,0,0,0,0.050557893,0,0,0,0,0,0,0,0,0,0,0,0,0,0.018855233,0,,,0.217977094,medium
Article 561,0,0,0,0,0,0,0,0,0,0,0,0,0,0,0.020635809,0.010773301,0,0,0,0,0.007208896,0,0,0,0,0,0,0.010659346,0,0,0,0,0,0,,,0.113514829,low
Article 562,0,0,0,0,0,0,0,0,0,0,0,0,0,0,0,0.00213375,0,0,0,0,0,0,0,0,0,0,0,0.00211118,0,0,0,0,0,0,,,0.129788331,low
Article 563,0,0,0,0,0,0,0,0.004328655,0.04810604,0.038693423,0.004946151,0,0,0,0,0,0,0,0,0.006462214,0.006383255,0,0,0,0,0,0,0,0.003804599,0,0,0,0.003216217,0,,,0.128325118,low
Article 564,0,0,0,0,0.027628355,0,0,0,0.009933129,0,0,0,0,0,0,0.002589049,0,0,0,0.045613389,0.045056064,0,0,0,0,0,0,0.002561664,0,0,0.008338197,0,0.011350798,0,,,0.268441571,medium
Article 565,0,0,0.031710735,0,0,0,0,0,0,0,0,0,0,0,0,0.002989482,0,0,0,0,0,0,0,0,0,0,0,0.002957861,0,0,0,0,0,0,,,0.088458493,low
Article 566,0,0.027725942,0,0,0,0,0,0,0,0,0,0,0,0,0,0.002243375,0,0,0.01613963,0,0,0,0,0,0,0,0,0.002219646,0,0,0,0,0,0,,302,302.1712586,high
Article 567,0,0,0.008432325,0,0.029208142,0,0,0,0.005083133,0,0,0,0,0,0,0.005299632,0,0,0,0,0,0.006896299,0,0,0,0,0,0.013523179,0,0,0.00426695,0,0,0,,,0.155513926,medium
Article 568,0.015040869,0,0,0.03475687,0,0,0,0,0,0,0,0,0,0,0,0,0,0,0.070968786,0,0,0,0,0,0,0,0,0,0.013208153,0,0,0,0.01323367,0,,,0.171523316,medium
Article 569,0.002336455,0,0.003250877,0,0.008176075,0,0,0,0.010048483,0.008082357,0,0,0,0,0.005870335,0.00689561,0,0,0,0.006749198,0.006666734,0.003988049,0,0,0,0,0,0.006822671,0,0,0,0,0,0.011309242,,,0.201618143,medium
Article 570,0,0,0.007167016,0,0,0,0,0.019933873,0.03511445,0.043656441,0,0,0,0,0.012941979,0.043565153,0,0,0,0,0,0,0,0,0,0,0.024549051,0.023397949,0.012639451,0,0.010880023,0,0,0,,,0.412670217,medium
Article 571,0,0,0,0.03731592,0,0,0,0,0,0,0,0,0,0,0,0,0,0,0.038097009,0,0,0,0,0,0,0,0,0,0,0,0,0,0,0,,37,37.10151814,high
Article 572,0,0.033993444,0,0.038764636,0.013467728,0,0.023820377,0,0,0,0,0,0,0,0,0.021621056,0,0.014775886,0.079152098,0,0,0,0,0,0,0,0.04996749,0,0.040457686,0,0,0,0.02213944,0,,13,13.43366252,high
Article 573,0,0,0,0,0.008386434,0,0,0,0.002628449,0,0,0,0,0,0,0.006094367,0,0,0,0,0.002750585,0,0,0,0,0,0,0.002033559,0,0,0.002206407,0,0,0,,,0.057555427,low
Article 574,0,0,0,0.146902766,0,0,0,0,0.026659964,0,0,0,0,0,0,0,0,0,0,0,0,0,0,0,0,0,0,0,0,0,0.022379255,0,0,0,,,0.195941986,medium
Article 575,0,0,0,0,0.091218575,0,0,0,0,0,0,0,0,0,0,0.015082099,0,0,0,0.067208083,0.056176346,0,0,0,0,0,0,0.005032572,0,0,0,0,0,0,,,0.489595537,medium
Article 576,0,0,0,0,0,0,0,0,0,0,0,0,0,0,0,0,0,0,0,0,0,0,0,0,0,0,0,0,0,0,0,0,0,0,,2,2,high
Article 577,0,0,0,0.117341298,0,0,0,0,0,0,0,0,0,0,0,0,0,0,0.119797461,0,0,0,0,0,0,0,0,0,0.028786203,0,0,0,0.014892558,0,,3,3.28081752,high
Article 578,0,0,0,0,0.049715196,0,0,0,0.008936968,0,0,0,0,0,0.017847491,0.016224744,0,0,0,0.061558458,0.069755188,0,0,0,0,0.032345135,0,0.018802254,0,0,0.007501986,0,0,0,,,0.412801127,medium
Article 579,0.0082577,0,0,0.019082129,0,0,0,0,0,0,0,0,0,0,0,0.013350993,0,0,0,0,0,0,0,0,0,0,0,0.002679253,0,0,0.024809065,0,0,0,,,0.097730691,low
Article 580,0,0,0,0,0.077215232,0,0,0,0,0,0.024595132,0,0,0,0,0.003647885,0,0,0,0.06426775,0.048836724,0,0,0,0,0.01688435,0,0.003609299,0,0,0,0,0,0,,,0.301045056,medium
Article 581,0,0,0,0,0,0,0,0,0,0,0,0,0,0,0,0,0,0,0,0,0,0,0,0,0,0.010719319,0,0,0,0,0,0,0,0.034184344,,,0.061054874,low
Article 582,0,0,0,0,0,0,0,0,0.01321501,0.010629309,0,0,0,0,0,0.004030484,0,0,0,0,0,0,0,0,0,0,0,0.003987851,0,0,0,0,0,0,,,0.068124762,low
Article 583,0,0,0.012300644,0.016565196,0,0,0,0,0,0,0,0,0,0,0,0.034933615,0,0,0,0,0,0,0,0,0.010819511,0,0.017081987,0.023626079,0.020986257,0,0,0,0,0,,,0.351848868,medium
Article 584,0,0,0.052814013,0,0.007198749,0,0,0,0,0.022488484,0,0,0,0,0,0.008821141,0,0,0,0,0,0,0,0,0.013533479,0,0,0.017915336,0,0,0,0,0,0,,,0.184633862,medium
Article 585,0,0,0,0.029964761,0,0,0,0,0,0,0,0,0,0,0,0,0,0,0,0,0,0,0,0,0,0,0.030899584,0,0.015909119,0,0,0.049791209,0.022818153,0,,,0.149382826,medium
Article 586,0,0,0,0,0,0,0,0,0,0,0,0,0,0,0,0.013824533,0,0,0,0,0,0,0,0,0,0,0,0.013678304,0,0,0,0,0,0,,4,4.156591656,high
Article 587,0,0,0,0,0,0,0,0,0,0,0,0,0,0,0,0,0,0,0,0,0,0,0,0,0,0,0,0,0,0,0,0,0,0,,2,2,high
Article 588,0,0.028025233,0,0.015979375,0.005551603,0,0,0,0,0,0,0,0,0,0,0.004535184,0,0,0.016313852,0,0,0,0,0,0,0,0,0.004487212,0,0,0,0,0,0,0.7,,0.867282498,high
Article 589,0,0,0.002065065,0,0,0,0,0,0,0,0,0.02107517,0,0,0,0.003825863,0,0,0,0,0.011724269,0,0,0,0,0,0,0,0.002441583,0,0,0,0,0,,1,1.069975255,high
